session_id,user_id,role,fecha,hora_inicio,n_clics,duracion_min,M1_costo_clics,M2_tiempo_top1_s,M3_tasa_error,costo_sesion_total
bot_Administrador_a86b_20260501070940,bot_Administrador_a86b,Administrador,2026-05-01,7,30,65.52,2.767,302.0,0.0,83.0
bot_Administrador_a86b_20260501084937,bot_Administrador_a86b,Administrador,2026-05-01,8,5,28.48,3.0,0.0,0.2,15.0
bot_Administrador_a86b_20260501104200,bot_Administrador_a86b,Administrador,2026-05-01,10,3,1.0,2.0,60.0,0.0,6.0
bot_Administrador_a86b_20260501113524,bot_Administrador_a86b,Administrador,2026-05-01,11,7,30.75,2.571,1032.0,0.1429,18.0
bot_Administrador_a86b_20260501131157,bot_Administrador_a86b,Administrador,2026-05-01,13,11,75.72,2.909,7.0,0.0909,32.0
bot_Administrador_a86b_20260501172034,bot_Administrador_a86b,Administrador,2026-05-01,17,2,22.1,3.0,0.0,0.0,6.0
bot_Administrador_a86b_20260501181331,bot_Administrador_a86b,Administrador,2026-05-01,18,5,33.3,2.8,723.0,0.0,14.0
bot_Administrador_a86b_20260502070314,bot_Administrador_a86b,Administrador,2026-05-02,7,2,1.27,3.0,0.0,0.0,6.0
bot_Administrador_a86b_20260502131115,bot_Administrador_a86b,Administrador,2026-05-02,13,3,0.47,2.0,28.0,0.0,6.0
bot_Administrador_a86b_20260502154913,bot_Administrador_a86b,Administrador,2026-05-02,15,2,9.67,3.0,0.0,0.5,6.0
bot_Administrador_a86b_20260502182035,bot_Administrador_a86b,Administrador,2026-05-02,18,7,20.6,2.571,0.0,0.0,18.0
bot_Administrador_a86b_20260503070351,bot_Administrador_a86b,Administrador,2026-05-03,7,19,87.78,2.579,870.0,0.0,49.0
bot_Administrador_a86b_20260503182853,bot_Administrador_a86b,Administrador,2026-05-03,18,4,8.4,2.0,504.0,0.25,8.0
bot_Administrador_a86b_20260504070018,bot_Administrador_a86b,Administrador,2026-05-04,7,23,61.22,2.609,350.0,0.0435,60.0
bot_Administrador_a86b_20260504083621,bot_Administrador_a86b,Administrador,2026-05-04,8,4,36.33,2.25,2180.0,0.5,9.0
bot_Administrador_a86b_20260504104907,bot_Administrador_a86b,Administrador,2026-05-04,10,4,80.32,2.75,0.0,0.0,11.0
bot_Administrador_a86b_20260504124136,bot_Administrador_a86b,Administrador,2026-05-04,12,3,23.03,3.0,14.0,0.0,9.0
bot_Administrador_a86b_20260504134219,bot_Administrador_a86b,Administrador,2026-05-04,13,6,60.22,2.667,1579.0,0.0,16.0
bot_Administrador_a86b_20260504161108,bot_Administrador_a86b,Administrador,2026-05-04,16,4,27.98,2.5,1009.0,0.0,10.0
bot_Administrador_a86b_20260504171714,bot_Administrador_a86b,Administrador,2026-05-04,17,13,101.75,2.538,1142.0,0.1538,33.0
bot_Administrador_a86b_20260505071336,bot_Administrador_a86b,Administrador,2026-05-05,7,24,108.35,2.5,595.0,0.1667,60.0
bot_Administrador_a86b_20260505110917,bot_Administrador_a86b,Administrador,2026-05-05,11,4,5.0,2.75,25.0,0.0,11.0
bot_Administrador_a86b_20260505120026,bot_Administrador_a86b,Administrador,2026-05-05,12,5,47.58,3.0,2855.0,0.2,15.0
bot_Administrador_a86b_20260505142506,bot_Administrador_a86b,Administrador,2026-05-05,14,5,40.28,2.4,1929.0,0.0,12.0
bot_Administrador_a86b_20260505153804,bot_Administrador_a86b,Administrador,2026-05-05,15,2,5.2,3.0,312.0,0.0,6.0
bot_Administrador_a86b_20260505172243,bot_Administrador_a86b,Administrador,2026-05-05,17,20,82.33,2.6,767.0,0.05,52.0
bot_Administrador_a86b_20260506070834,bot_Administrador_a86b,Administrador,2026-05-06,7,23,57.15,2.826,0.0,0.0435,65.0
bot_Administrador_a86b_20260506092805,bot_Administrador_a86b,Administrador,2026-05-06,9,5,45.32,2.8,730.0,0.4,14.0
bot_Administrador_a86b_20260506111130,bot_Administrador_a86b,Administrador,2026-05-06,11,4,28.95,2.75,1715.0,0.0,11.0
bot_Administrador_a86b_20260506122049,bot_Administrador_a86b,Administrador,2026-05-06,12,3,1.43,2.667,37.0,0.0,8.0
bot_Administrador_a86b_20260506153311,bot_Administrador_a86b,Administrador,2026-05-06,15,3,0.83,3.0,0.0,0.0,9.0
bot_Administrador_a86b_20260506162311,bot_Administrador_a86b,Administrador,2026-05-06,16,2,7.62,3.0,457.0,0.0,6.0
bot_Administrador_a86b_20260506171524,bot_Administrador_a86b,Administrador,2026-05-06,17,22,103.77,2.545,581.0,0.0909,56.0
bot_Administrador_a86b_20260507070420,bot_Administrador_a86b,Administrador,2026-05-07,7,23,76.22,2.478,857.0,0.0,57.0
bot_Administrador_a86b_20260507090545,bot_Administrador_a86b,Administrador,2026-05-07,9,6,23.35,2.333,1396.0,0.0,14.0
bot_Administrador_a86b_20260507101206,bot_Administrador_a86b,Administrador,2026-05-07,10,3,25.12,2.667,1507.0,0.0,8.0
bot_Administrador_a86b_20260507120015,bot_Administrador_a86b,Administrador,2026-05-07,12,8,72.1,3.0,2819.0,0.0,24.0
bot_Administrador_a86b_20260507164919,bot_Administrador_a86b,Administrador,2026-05-07,16,26,116.0,2.615,4361.0,0.0385,68.0
bot_Caja_1125_20260501082736,bot_Caja_1125,Caja,2026-05-01,8,19,100.62,2.0,1739.0,0.2105,38.0
bot_Caja_1125_20260501105922,bot_Caja_1125,Caja,2026-05-01,10,5,45.65,2.0,877.0,0.0,10.0
bot_Caja_1125_20260501123601,bot_Caja_1125,Caja,2026-05-01,12,5,11.22,2.0,0.0,0.0,10.0
bot_Caja_1125_20260501131912,bot_Caja_1125,Caja,2026-05-01,13,24,200.53,2.0,1322.0,0.25,48.0
bot_Caja_1125_20260501172815,bot_Caja_1125,Caja,2026-05-01,17,5,30.92,2.0,0.0,0.0,10.0
bot_Caja_1125_20260502080917,bot_Caja_1125,Caja,2026-05-02,8,2,16.93,2.0,0.0,0.0,4.0
bot_Caja_1125_20260502101553,bot_Caja_1125,Caja,2026-05-02,10,2,0.42,2.0,0.0,0.5,4.0
bot_Caja_1125_20260502134438,bot_Caja_1125,Caja,2026-05-02,13,5,20.05,2.0,1203.0,0.0,10.0
bot_Caja_1125_20260502144354,bot_Caja_1125,Caja,2026-05-02,14,5,15.12,2.0,884.0,0.2,10.0
bot_Caja_1125_20260502173438,bot_Caja_1125,Caja,2026-05-02,17,2,0.72,2.0,0.0,0.0,4.0
bot_Caja_1125_20260503105429,bot_Caja_1125,Caja,2026-05-03,10,2,0.17,2.0,0.0,0.5,4.0
bot_Caja_1125_20260503130603,bot_Caja_1125,Caja,2026-05-03,13,7,76.53,2.0,858.0,0.1429,14.0
bot_Caja_1125_20260504080726,bot_Caja_1125,Caja,2026-05-04,8,16,123.37,2.0,0.0,0.375,32.0
bot_Caja_1125_20260504115824,bot_Caja_1125,Caja,2026-05-04,11,11,54.73,2.0,1768.0,0.1818,22.0
bot_Caja_1125_20260504132508,bot_Caja_1125,Caja,2026-05-04,13,9,59.73,2.0,829.0,0.1111,18.0
bot_Caja_1125_20260504153916,bot_Caja_1125,Caja,2026-05-04,15,6,42.93,2.0,1722.0,0.0,12.0
bot_Caja_1125_20260504165811,bot_Caja_1125,Caja,2026-05-04,16,3,20.23,2.0,0.0,0.3333,6.0
bot_Caja_1125_20260505080302,bot_Caja_1125,Caja,2026-05-05,8,5,30.28,2.0,0.0,0.4,10.0
bot_Caja_1125_20260505093109,bot_Caja_1125,Caja,2026-05-05,9,11,75.42,2.0,200.0,0.1818,22.0
bot_Caja_1125_20260505114934,bot_Caja_1125,Caja,2026-05-05,11,3,12.1,2.0,0.0,0.0,6.0
bot_Caja_1125_20260505124037,bot_Caja_1125,Caja,2026-05-05,12,10,77.02,2.0,0.0,0.4,20.0
bot_Caja_1125_20260505144400,bot_Caja_1125,Caja,2026-05-05,14,4,1.43,2.0,77.0,0.0,8.0
bot_Caja_1125_20260505154314,bot_Caja_1125,Caja,2026-05-05,15,4,15.92,2.0,955.0,0.0,8.0
bot_Caja_1125_20260505163910,bot_Caja_1125,Caja,2026-05-05,16,3,0.73,2.0,44.0,0.0,6.0
bot_Caja_1125_20260506083913,bot_Caja_1125,Caja,2026-05-06,8,3,7.25,2.0,37.0,0.0,6.0
bot_Caja_1125_20260506091957,bot_Caja_1125,Caja,2026-05-06,9,4,8.32,2.0,0.0,0.25,8.0
bot_Caja_1125_20260506100140,bot_Caja_1125,Caja,2026-05-06,10,4,20.6,2.0,0.0,0.25,8.0
bot_Caja_1125_20260506112217,bot_Caja_1125,Caja,2026-05-06,11,31,306.93,2.0,0.0,0.3871,62.0
bot_Caja_1125_20260506172907,bot_Caja_1125,Caja,2026-05-06,17,3,27.3,2.0,0.0,0.0,6.0
bot_Caja_1125_20260507082714,bot_Caja_1125,Caja,2026-05-07,8,22,204.75,2.0,419.0,0.3182,44.0
bot_Caja_1125_20260507125437,bot_Caja_1125,Caja,2026-05-07,12,15,100.03,2.0,810.0,0.1333,30.0
bot_Caja_1125_20260507161720,bot_Caja_1125,Caja,2026-05-07,16,8,83.97,2.0,636.0,0.25,16.0
bot_Caja_22f0_20260501082715,bot_Caja_22f0,Caja,2026-05-01,8,6,42.77,2.0,0.0,0.0,12.0
bot_Caja_22f0_20260501094712,bot_Caja_22f0,Caja,2026-05-01,9,6,53.63,2.0,3218.0,0.0,12.0
bot_Caja_22f0_20260501111619,bot_Caja_22f0,Caja,2026-05-01,11,50,392.43,2.0,0.0,0.16,100.0
bot_Caja_22f0_20260502134716,bot_Caja_22f0,Caja,2026-05-02,13,5,4.32,2.0,249.0,0.0,10.0
bot_Caja_22f0_20260502143837,bot_Caja_22f0,Caja,2026-05-02,14,3,9.33,2.0,0.0,0.0,6.0
bot_Caja_22f0_20260502154506,bot_Caja_22f0,Caja,2026-05-02,15,5,8.58,2.0,0.0,0.2,10.0
bot_Caja_22f0_20260502170402,bot_Caja_22f0,Caja,2026-05-02,17,4,24.05,2.0,1443.0,0.0,8.0
bot_Caja_22f0_20260503081633,bot_Caja_22f0,Caja,2026-05-03,8,5,5.23,2.0,0.0,0.0,10.0
bot_Caja_22f0_20260503092217,bot_Caja_22f0,Caja,2026-05-03,9,3,17.55,2.0,0.0,0.6667,6.0
bot_Caja_22f0_20260503144919,bot_Caja_22f0,Caja,2026-05-03,14,2,0.47,2.0,0.0,0.5,4.0
bot_Caja_22f0_20260504081743,bot_Caja_22f0,Caja,2026-05-04,8,4,10.35,2.0,0.0,0.75,8.0
bot_Caja_22f0_20260504093643,bot_Caja_22f0,Caja,2026-05-04,9,2,0.73,2.0,0.0,0.0,4.0
bot_Caja_22f0_20260504103035,bot_Caja_22f0,Caja,2026-05-04,10,2,0.18,2.0,0.0,0.5,4.0
bot_Caja_22f0_20260504112422,bot_Caja_22f0,Caja,2026-05-04,11,4,26.57,2.0,0.0,0.25,8.0
bot_Caja_22f0_20260504122705,bot_Caja_22f0,Caja,2026-05-04,12,11,95.32,2.0,0.0,0.4545,22.0
bot_Caja_22f0_20260504145247,bot_Caja_22f0,Caja,2026-05-04,14,2,24.5,2.0,1470.0,0.5,4.0
bot_Caja_22f0_20260504154751,bot_Caja_22f0,Caja,2026-05-04,15,13,58.5,2.0,0.0,0.2308,26.0
bot_Caja_22f0_20260505082354,bot_Caja_22f0,Caja,2026-05-05,8,13,118.83,2.0,0.0,0.0769,26.0
bot_Caja_22f0_20260505110140,bot_Caja_22f0,Caja,2026-05-05,11,3,26.17,2.0,0.0,0.0,6.0
bot_Caja_22f0_20260505123405,bot_Caja_22f0,Caja,2026-05-05,12,11,110.73,2.0,1788.0,0.0909,22.0
bot_Caja_22f0_20260505154824,bot_Caja_22f0,Caja,2026-05-05,15,5,19.38,2.0,1163.0,0.2,10.0
bot_Caja_22f0_20260505170153,bot_Caja_22f0,Caja,2026-05-05,17,8,54.17,2.0,1162.0,0.125,16.0
bot_Caja_22f0_20260506081423,bot_Caja_22f0,Caja,2026-05-06,8,13,74.92,2.0,0.0,0.3077,26.0
bot_Caja_22f0_20260506111440,bot_Caja_22f0,Caja,2026-05-06,11,6,38.28,2.0,0.0,0.1667,12.0
bot_Caja_22f0_20260506123624,bot_Caja_22f0,Caja,2026-05-06,12,8,81.95,2.0,0.0,0.5,16.0
bot_Caja_22f0_20260506142933,bot_Caja_22f0,Caja,2026-05-06,14,8,32.82,2.0,1010.0,0.125,16.0
bot_Caja_22f0_20260506164648,bot_Caja_22f0,Caja,2026-05-06,16,10,65.58,2.0,0.0,0.1,20.0
bot_Caja_22f0_20260507080913,bot_Caja_22f0,Caja,2026-05-07,8,3,16.7,2.0,0.0,0.6667,6.0
bot_Caja_22f0_20260507085841,bot_Caja_22f0,Caja,2026-05-07,8,10,36.87,2.0,1262.0,0.0,20.0
bot_Caja_22f0_20260507101316,bot_Caja_22f0,Caja,2026-05-07,10,13,71.5,2.0,207.0,0.3077,26.0
bot_Caja_22f0_20260507120123,bot_Caja_22f0,Caja,2026-05-07,12,16,116.75,2.0,0.0,0.25,32.0
bot_Caja_22f0_20260507145032,bot_Caja_22f0,Caja,2026-05-07,15,4,15.13,2.0,0.0,0.0,8.0
bot_Caja_22f0_20260507155939,bot_Caja_22f0,Caja,2026-05-07,15,12,114.15,2.0,4072.0,0.0,24.0
bot_Compras_6cd7_20260501090421,bot_Compras_6cd7,Compras,2026-05-01,9,10,58.77,2.0,746.0,0.0,20.0
bot_Compras_6cd7_20260501110014,bot_Compras_6cd7,Compras,2026-05-01,11,7,102.07,2.0,0.0,0.0,14.0
bot_Compras_6cd7_20260501141343,bot_Compras_6cd7,Compras,2026-05-01,14,8,73.23,2.0,820.0,0.0,16.0
bot_Compras_6cd7_20260501161755,bot_Compras_6cd7,Compras,2026-05-01,16,3,0.93,2.0,56.0,0.0,6.0
bot_Compras_6cd7_20260501165300,bot_Compras_6cd7,Compras,2026-05-01,16,5,28.58,2.0,0.0,0.2,10.0
bot_Compras_6cd7_20260502092145,bot_Compras_6cd7,Compras,2026-05-02,9,2,0.23,2.0,0.0,0.0,4.0
bot_Compras_6cd7_20260502112957,bot_Compras_6cd7,Compras,2026-05-02,11,2,0.4,2.0,24.0,0.0,4.0
bot_Compras_6cd7_20260502121320,bot_Compras_6cd7,Compras,2026-05-02,12,5,13.92,2.0,835.0,0.0,10.0
bot_Compras_6cd7_20260502144844,bot_Compras_6cd7,Compras,2026-05-02,14,5,57.3,2.0,0.0,0.0,10.0
bot_Compras_6cd7_20260503101606,bot_Compras_6cd7,Compras,2026-05-03,10,2,6.93,2.0,416.0,0.0,4.0
bot_Compras_6cd7_20260503141434,bot_Compras_6cd7,Compras,2026-05-03,14,3,36.38,2.0,0.0,0.3333,6.0
bot_Compras_6cd7_20260504095905,bot_Compras_6cd7,Compras,2026-05-04,9,2,0.45,2.0,0.0,0.0,4.0
bot_Compras_6cd7_20260504135609,bot_Compras_6cd7,Compras,2026-05-04,13,3,2.37,2.0,142.0,0.0,6.0
bot_Compras_6cd7_20260504142839,bot_Compras_6cd7,Compras,2026-05-04,14,2,3.43,2.0,206.0,0.0,4.0
bot_Compras_6cd7_20260504150729,bot_Compras_6cd7,Compras,2026-05-04,15,24,119.0,2.0,2352.0,0.0833,48.0
bot_Compras_6cd7_20260505080744,bot_Compras_6cd7,Compras,2026-05-05,8,5,37.93,2.0,0.0,0.0,10.0
bot_Compras_6cd7_20260505095346,bot_Compras_6cd7,Compras,2026-05-05,9,8,50.72,2.0,260.0,0.125,16.0
bot_Compras_6cd7_20260505112829,bot_Compras_6cd7,Compras,2026-05-05,11,6,62.52,2.0,3751.0,0.0,12.0
bot_Compras_6cd7_20260505141001,bot_Compras_6cd7,Compras,2026-05-05,14,2,23.9,2.0,0.0,0.0,4.0
bot_Compras_6cd7_20260505151832,bot_Compras_6cd7,Compras,2026-05-05,15,14,77.52,2.0,0.0,0.0,28.0
bot_Compras_6cd7_20260506091913,bot_Compras_6cd7,Compras,2026-05-06,9,3,31.67,2.0,1900.0,0.3333,6.0
bot_Compras_6cd7_20260506111208,bot_Compras_6cd7,Compras,2026-05-06,11,5,50.1,2.0,3006.0,0.0,10.0
bot_Compras_6cd7_20260506144000,bot_Compras_6cd7,Compras,2026-05-06,14,2,4.38,2.0,263.0,0.5,4.0
bot_Compras_6cd7_20260506154347,bot_Compras_6cd7,Compras,2026-05-06,15,17,116.98,2.0,0.0,0.1176,34.0
bot_Compras_6cd7_20260507083340,bot_Compras_6cd7,Compras,2026-05-07,8,3,13.35,2.0,771.0,0.0,6.0
bot_Compras_6cd7_20260507092445,bot_Compras_6cd7,Compras,2026-05-07,9,6,61.73,2.0,1253.0,0.0,12.0
bot_Compras_6cd7_20260507111012,bot_Compras_6cd7,Compras,2026-05-07,11,13,34.12,2.0,971.0,0.1538,26.0
bot_Compras_6cd7_20260507144135,bot_Compras_6cd7,Compras,2026-05-07,14,3,7.8,2.0,0.0,0.0,6.0
bot_Compras_6cd7_20260507171323,bot_Compras_6cd7,Compras,2026-05-07,17,2,20.12,2.0,0.0,0.5,4.0
bot_Compras_b1d2_20260501080736,bot_Compras_b1d2,Compras,2026-05-01,8,9,93.72,2.0,0.0,0.1111,18.0
bot_Compras_b1d2_20260501104407,bot_Compras_b1d2,Compras,2026-05-01,10,5,50.45,2.0,3027.0,0.0,10.0
bot_Compras_b1d2_20260501123441,bot_Compras_b1d2,Compras,2026-05-01,12,2,0.3,2.0,18.0,0.0,4.0
bot_Compras_b1d2_20260501143601,bot_Compras_b1d2,Compras,2026-05-01,14,4,5.03,2.0,57.0,0.0,8.0
bot_Compras_b1d2_20260501151618,bot_Compras_b1d2,Compras,2026-05-01,15,5,75.17,2.0,2640.0,0.2,10.0
bot_Compras_b1d2_20260502113420,bot_Compras_b1d2,Compras,2026-05-02,11,2,0.6,2.0,36.0,0.0,4.0
bot_Compras_b1d2_20260502142558,bot_Compras_b1d2,Compras,2026-05-02,14,3,14.83,2.0,890.0,0.0,6.0
bot_Compras_b1d2_20260502155108,bot_Compras_b1d2,Compras,2026-05-02,15,2,2.87,2.0,0.0,0.0,4.0
bot_Compras_b1d2_20260503080738,bot_Compras_b1d2,Compras,2026-05-03,8,3,0.57,2.0,34.0,0.0,6.0
bot_Compras_b1d2_20260503130146,bot_Compras_b1d2,Compras,2026-05-03,13,2,0.47,2.0,28.0,0.0,4.0
bot_Compras_b1d2_20260503144238,bot_Compras_b1d2,Compras,2026-05-03,14,3,20.48,2.0,0.0,0.0,6.0
bot_Compras_b1d2_20260504080249,bot_Compras_b1d2,Compras,2026-05-04,8,2,0.42,2.0,0.0,0.0,4.0
bot_Compras_b1d2_20260504084320,bot_Compras_b1d2,Compras,2026-05-04,8,21,84.33,2.0,0.0,0.0952,42.0
bot_Compras_b1d2_20260504105646,bot_Compras_b1d2,Compras,2026-05-04,10,6,43.38,2.0,2603.0,0.0,12.0
bot_Compras_b1d2_20260504121715,bot_Compras_b1d2,Compras,2026-05-04,12,4,39.0,2.0,0.0,0.25,8.0
bot_Compras_b1d2_20260504140418,bot_Compras_b1d2,Compras,2026-05-04,14,4,12.02,2.0,0.0,0.25,8.0
bot_Compras_b1d2_20260504145625,bot_Compras_b1d2,Compras,2026-05-04,14,4,25.63,2.0,1532.0,0.0,8.0
bot_Compras_b1d2_20260504155251,bot_Compras_b1d2,Compras,2026-05-04,15,6,33.35,2.0,40.0,0.0,12.0
bot_Compras_b1d2_20260504171305,bot_Compras_b1d2,Compras,2026-05-04,17,4,42.4,2.0,396.0,0.25,8.0
bot_Compras_b1d2_20260505082038,bot_Compras_b1d2,Compras,2026-05-05,8,2,8.73,2.0,524.0,0.5,4.0
bot_Compras_b1d2_20260505092901,bot_Compras_b1d2,Compras,2026-05-05,9,18,177.48,2.0,28.0,0.1667,36.0
bot_Compras_b1d2_20260505141054,bot_Compras_b1d2,Compras,2026-05-05,14,30,177.33,2.0,1995.0,0.2,60.0
bot_Compras_b1d2_20260506080830,bot_Compras_b1d2,Compras,2026-05-06,8,7,60.87,2.0,2321.0,0.1429,14.0
bot_Compras_b1d2_20260506094350,bot_Compras_b1d2,Compras,2026-05-06,9,5,33.42,2.0,0.0,0.0,10.0
bot_Compras_b1d2_20260506105008,bot_Compras_b1d2,Compras,2026-05-06,10,10,102.1,2.0,74.0,0.3,20.0
bot_Compras_b1d2_20260506130500,bot_Compras_b1d2,Compras,2026-05-06,13,4,12.27,2.0,48.0,0.0,8.0
bot_Compras_b1d2_20260506140555,bot_Compras_b1d2,Compras,2026-05-06,14,4,12.45,2.0,0.0,0.25,8.0
bot_Compras_b1d2_20260506145301,bot_Compras_b1d2,Compras,2026-05-06,14,2,0.57,2.0,34.0,0.0,4.0
bot_Compras_b1d2_20260506152632,bot_Compras_b1d2,Compras,2026-05-06,15,5,45.67,2.0,1130.0,0.0,10.0
bot_Compras_b1d2_20260506171248,bot_Compras_b1d2,Compras,2026-05-06,17,3,0.73,2.0,40.0,0.0,6.0
bot_Compras_b1d2_20260507080919,bot_Compras_b1d2,Compras,2026-05-07,8,19,79.43,2.0,881.0,0.1053,38.0
bot_Compras_b1d2_20260507102412,bot_Compras_b1d2,Compras,2026-05-07,10,3,14.42,2.0,865.0,0.0,6.0
bot_Compras_b1d2_20260507115417,bot_Compras_b1d2,Compras,2026-05-07,11,2,10.8,2.0,0.0,0.0,4.0
bot_Compras_b1d2_20260507140224,bot_Compras_b1d2,Compras,2026-05-07,14,4,15.8,2.0,948.0,0.0,8.0
bot_Compras_b1d2_20260507153117,bot_Compras_b1d2,Compras,2026-05-07,15,3,26.23,2.0,1484.0,0.0,6.0
bot_Logistica_7037_20260501070035,bot_Logistica_7037,Logistica,2026-05-01,7,14,54.32,2.0,0.0,0.0714,28.0
bot_Logistica_7037_20260501084227,bot_Logistica_7037,Logistica,2026-05-01,8,12,86.6,2.0,19.0,0.3333,24.0
bot_Logistica_7037_20260501125502,bot_Logistica_7037,Logistica,2026-05-01,12,33,247.22,2.0,750.0,0.1515,66.0
bot_Logistica_7037_20260501173515,bot_Logistica_7037,Logistica,2026-05-01,17,2,24.12,2.0,1447.0,0.0,4.0
bot_Logistica_7037_20260502130211,bot_Logistica_7037,Logistica,2026-05-02,13,5,12.43,2.0,42.0,0.0,10.0
bot_Logistica_7037_20260502141553,bot_Logistica_7037,Logistica,2026-05-02,14,4,24.28,2.0,0.0,0.0,8.0
bot_Logistica_7037_20260502153955,bot_Logistica_7037,Logistica,2026-05-02,15,3,0.48,2.0,29.0,0.0,6.0
bot_Logistica_7037_20260502161233,bot_Logistica_7037,Logistica,2026-05-02,16,2,24.18,2.0,1451.0,0.0,4.0
bot_Logistica_7037_20260503073512,bot_Logistica_7037,Logistica,2026-05-03,7,7,17.5,2.0,948.0,0.0,14.0
bot_Logistica_7037_20260503103037,bot_Logistica_7037,Logistica,2026-05-03,10,2,18.47,2.0,1108.0,0.0,4.0
bot_Logistica_7037_20260503124937,bot_Logistica_7037,Logistica,2026-05-03,12,2,23.97,2.0,1438.0,0.0,4.0
bot_Logistica_7037_20260504071003,bot_Logistica_7037,Logistica,2026-05-04,7,13,48.88,2.0,643.0,0.3077,26.0
bot_Logistica_7037_20260504090511,bot_Logistica_7037,Logistica,2026-05-04,9,3,33.57,2.0,0.0,0.6667,6.0
bot_Logistica_7037_20260504101037,bot_Logistica_7037,Logistica,2026-05-04,10,14,50.05,2.0,0.0,0.0714,28.0
bot_Logistica_7037_20260504121042,bot_Logistica_7037,Logistica,2026-05-04,12,3,20.4,2.0,0.0,0.0,6.0
bot_Logistica_7037_20260504130212,bot_Logistica_7037,Logistica,2026-05-04,13,10,58.78,2.0,0.0,0.0,20.0
bot_Logistica_7037_20260504150313,bot_Logistica_7037,Logistica,2026-05-04,15,2,0.2,2.0,12.0,0.0,4.0
bot_Logistica_7037_20260504154227,bot_Logistica_7037,Logistica,2026-05-04,15,2,0.77,2.0,0.0,0.0,4.0
bot_Logistica_7037_20260504162705,bot_Logistica_7037,Logistica,2026-05-04,16,3,9.7,2.0,200.0,0.0,6.0
bot_Logistica_7037_20260504175302,bot_Logistica_7037,Logistica,2026-05-04,17,4,7.02,2.0,421.0,0.0,8.0
bot_Logistica_7037_20260505070325,bot_Logistica_7037,Logistica,2026-05-05,7,12,70.6,2.0,1805.0,0.25,24.0
bot_Logistica_7037_20260505084608,bot_Logistica_7037,Logistica,2026-05-05,8,3,1.3,2.0,13.0,0.0,6.0
bot_Logistica_7037_20260505093208,bot_Logistica_7037,Logistica,2026-05-05,9,24,153.1,2.0,0.0,0.0833,48.0
bot_Logistica_7037_20260505125259,bot_Logistica_7037,Logistica,2026-05-05,12,27,217.53,2.0,40.0,0.1111,54.0
bot_Logistica_7037_20260505171043,bot_Logistica_7037,Logistica,2026-05-05,17,5,45.67,2.0,1959.0,0.0,10.0
bot_Logistica_7037_20260506070901,bot_Logistica_7037,Logistica,2026-05-06,7,30,77.8,2.0,381.0,0.2333,60.0
bot_Logistica_7037_20260506090123,bot_Logistica_7037,Logistica,2026-05-06,9,5,18.0,2.0,986.0,0.2,10.0
bot_Logistica_7037_20260506100900,bot_Logistica_7037,Logistica,2026-05-06,10,8,32.87,2.0,24.0,0.125,16.0
bot_Logistica_7037_20260506111926,bot_Logistica_7037,Logistica,2026-05-06,11,2,24.75,2.0,1485.0,0.0,4.0
bot_Logistica_7037_20260506122331,bot_Logistica_7037,Logistica,2026-05-06,12,12,90.08,2.0,762.0,0.0833,24.0
bot_Logistica_7037_20260506143737,bot_Logistica_7037,Logistica,2026-05-06,14,10,42.08,2.0,0.0,0.0,20.0
bot_Logistica_7037_20260506155718,bot_Logistica_7037,Logistica,2026-05-06,15,9,70.35,2.0,0.0,0.0,18.0
bot_Logistica_7037_20260506173953,bot_Logistica_7037,Logistica,2026-05-06,17,2,0.58,2.0,0.0,0.5,4.0
bot_Logistica_7037_20260507070550,bot_Logistica_7037,Logistica,2026-05-07,7,13,37.7,2.0,16.0,0.1538,26.0
bot_Logistica_7037_20260507091759,bot_Logistica_7037,Logistica,2026-05-07,9,9,35.88,2.0,513.0,0.2222,18.0
bot_Logistica_7037_20260507105356,bot_Logistica_7037,Logistica,2026-05-07,10,13,56.15,2.0,1027.0,0.0,26.0
bot_Logistica_7037_20260507125955,bot_Logistica_7037,Logistica,2026-05-07,12,16,94.25,2.0,10.0,0.0,32.0
bot_Logistica_7037_20260507151053,bot_Logistica_7037,Logistica,2026-05-07,15,3,0.87,2.0,52.0,0.0,6.0
bot_Logistica_7037_20260507170713,bot_Logistica_7037,Logistica,2026-05-07,17,11,33.15,2.0,84.0,0.0909,22.0
bot_Logistica_97c4_20260501071543,bot_Logistica_97c4,Logistica,2026-05-01,7,10,15.87,2.0,450.0,0.1,20.0
bot_Logistica_97c4_20260501081126,bot_Logistica_97c4,Logistica,2026-05-01,8,4,4.68,2.0,182.0,0.25,8.0
bot_Logistica_97c4_20260501084628,bot_Logistica_97c4,Logistica,2026-05-01,8,3,33.52,2.0,0.0,0.0,6.0
bot_Logistica_97c4_20260501095211,bot_Logistica_97c4,Logistica,2026-05-01,9,3,24.32,2.0,1459.0,0.3333,6.0
bot_Logistica_97c4_20260501123213,bot_Logistica_97c4,Logistica,2026-05-01,12,3,0.77,2.0,46.0,0.0,6.0
bot_Logistica_97c4_20260501131858,bot_Logistica_97c4,Logistica,2026-05-01,13,27,142.93,2.0,1577.0,0.0741,54.0
bot_Logistica_97c4_20260501162618,bot_Logistica_97c4,Logistica,2026-05-01,16,9,78.05,2.0,1225.0,0.1111,18.0
bot_Logistica_97c4_20260502071621,bot_Logistica_97c4,Logistica,2026-05-02,7,6,10.25,2.0,343.0,0.0,12.0
bot_Logistica_97c4_20260502081414,bot_Logistica_97c4,Logistica,2026-05-02,8,4,21.03,2.0,1262.0,0.25,8.0
bot_Logistica_97c4_20260502094657,bot_Logistica_97c4,Logistica,2026-05-02,9,3,0.27,2.0,16.0,0.0,6.0
bot_Logistica_97c4_20260502110305,bot_Logistica_97c4,Logistica,2026-05-02,11,2,21.8,2.0,1308.0,0.0,4.0
bot_Logistica_97c4_20260502121621,bot_Logistica_97c4,Logistica,2026-05-02,12,4,13.87,2.0,44.0,0.0,8.0
bot_Logistica_97c4_20260502132602,bot_Logistica_97c4,Logistica,2026-05-02,13,7,44.6,2.0,1052.0,0.1429,14.0
bot_Logistica_97c4_20260502144745,bot_Logistica_97c4,Logistica,2026-05-02,14,5,21.07,2.0,1259.0,0.0,10.0
bot_Logistica_97c4_20260503070809,bot_Logistica_97c4,Logistica,2026-05-03,7,5,7.9,2.0,0.0,0.0,10.0
bot_Logistica_97c4_20260503085031,bot_Logistica_97c4,Logistica,2026-05-03,8,10,46.07,2.0,0.0,0.0,20.0
bot_Logistica_97c4_20260503102002,bot_Logistica_97c4,Logistica,2026-05-03,10,10,32.25,2.0,54.0,0.0,20.0
bot_Logistica_97c4_20260503130253,bot_Logistica_97c4,Logistica,2026-05-03,13,3,8.12,2.0,108.0,0.0,6.0
bot_Logistica_97c4_20260503135526,bot_Logistica_97c4,Logistica,2026-05-03,13,2,22.05,2.0,1323.0,0.0,4.0
bot_Logistica_97c4_20260503150506,bot_Logistica_97c4,Logistica,2026-05-03,15,2,15.72,2.0,943.0,0.5,4.0
bot_Logistica_97c4_20260503170520,bot_Logistica_97c4,Logistica,2026-05-03,17,5,44.77,2.0,0.0,0.0,10.0
bot_Logistica_97c4_20260504070026,bot_Logistica_97c4,Logistica,2026-05-04,7,29,58.33,2.0,0.0,0.069,58.0
bot_Logistica_97c4_20260504091244,bot_Logistica_97c4,Logistica,2026-05-04,9,20,142.32,2.0,0.0,0.15,40.0
bot_Logistica_97c4_20260504122057,bot_Logistica_97c4,Logistica,2026-05-04,12,30,151.33,2.0,39.0,0.1,60.0
bot_Logistica_97c4_20260504152401,bot_Logistica_97c4,Logistica,2026-05-04,15,3,40.43,2.0,1717.0,0.3333,6.0
bot_Logistica_97c4_20260504164526,bot_Logistica_97c4,Logistica,2026-05-04,16,4,10.95,2.0,85.0,0.0,8.0
bot_Logistica_97c4_20260505070222,bot_Logistica_97c4,Logistica,2026-05-05,7,15,72.17,2.0,0.0,0.1333,30.0
bot_Logistica_97c4_20260505100422,bot_Logistica_97c4,Logistica,2026-05-05,10,7,22.22,2.0,10.0,0.1429,14.0
bot_Logistica_97c4_20260505110339,bot_Logistica_97c4,Logistica,2026-05-05,11,14,102.2,2.0,114.0,0.1429,28.0
bot_Logistica_97c4_20260505131602,bot_Logistica_97c4,Logistica,2026-05-05,13,14,114.12,2.0,1399.0,0.0714,28.0
bot_Logistica_97c4_20260505154933,bot_Logistica_97c4,Logistica,2026-05-05,15,4,3.05,2.0,11.0,0.0,8.0
bot_Logistica_97c4_20260505170818,bot_Logistica_97c4,Logistica,2026-05-05,17,3,0.73,2.0,27.0,0.0,6.0
bot_Logistica_97c4_20260505175056,bot_Logistica_97c4,Logistica,2026-05-05,17,2,7.57,2.0,454.0,0.0,4.0
bot_Logistica_97c4_20260506070451,bot_Logistica_97c4,Logistica,2026-05-06,7,32,162.5,2.0,293.0,0.0938,64.0
bot_Logistica_97c4_20260506102722,bot_Logistica_97c4,Logistica,2026-05-06,10,12,80.53,2.0,31.0,0.1667,24.0
bot_Logistica_97c4_20260506134429,bot_Logistica_97c4,Logistica,2026-05-06,13,10,45.5,2.0,30.0,0.1,20.0
bot_Logistica_97c4_20260506150029,bot_Logistica_97c4,Logistica,2026-05-06,15,2,5.57,2.0,0.0,0.5,4.0
bot_Logistica_97c4_20260506160452,bot_Logistica_97c4,Logistica,2026-05-06,16,14,39.85,2.0,711.0,0.1429,28.0
bot_Logistica_97c4_20260506172304,bot_Logistica_97c4,Logistica,2026-05-06,17,6,34.68,2.0,43.0,0.1667,12.0
bot_Logistica_97c4_20260507070719,bot_Logistica_97c4,Logistica,2026-05-07,7,20,79.58,2.0,33.0,0.05,40.0
bot_Logistica_97c4_20260507100100,bot_Logistica_97c4,Logistica,2026-05-07,10,16,113.73,2.0,1526.0,0.125,32.0
bot_Logistica_97c4_20260507130941,bot_Logistica_97c4,Logistica,2026-05-07,13,5,36.78,2.0,151.0,0.0,10.0
bot_Logistica_97c4_20260507150551,bot_Logistica_97c4,Logistica,2026-05-07,15,3,1.03,2.0,25.0,0.0,6.0
bot_Logistica_97c4_20260507155143,bot_Logistica_97c4,Logistica,2026-05-07,15,2,14.1,2.0,846.0,0.0,4.0
bot_Logistica_97c4_20260507172258,bot_Logistica_97c4,Logistica,2026-05-07,17,2,6.68,2.0,0.0,0.0,4.0
bot_Reportes_8c97_20260501080108,bot_Reportes_8c97,Reportes,2026-05-01,8,10,76.08,2.0,1253.0,0.0,20.0
bot_Reportes_8c97_20260501095221,bot_Reportes_8c97,Reportes,2026-05-01,9,3,11.63,2.0,0.0,0.3333,6.0
bot_Reportes_8c97_20260501112848,bot_Reportes_8c97,Reportes,2026-05-01,11,7,52.33,2.0,825.0,0.0,14.0
bot_Reportes_8c97_20260501132107,bot_Reportes_8c97,Reportes,2026-05-01,13,2,11.47,2.0,688.0,0.0,4.0
bot_Reportes_8c97_20260501141226,bot_Reportes_8c97,Reportes,2026-05-01,14,4,6.9,2.0,366.0,0.0,8.0
bot_Reportes_8c97_20260501150449,bot_Reportes_8c97,Reportes,2026-05-01,15,5,6.8,2.0,358.0,0.0,10.0
bot_Reportes_8c97_20260501154446,bot_Reportes_8c97,Reportes,2026-05-01,15,2,23.82,2.0,0.0,0.0,4.0
bot_Reportes_8c97_20260501171012,bot_Reportes_8c97,Reportes,2026-05-01,17,5,11.1,2.0,0.0,0.2,10.0
bot_Reportes_8c97_20260501175904,bot_Reportes_8c97,Reportes,2026-05-01,17,20,55.05,2.0,0.0,0.1,40.0
bot_Reportes_8c97_20260502093456,bot_Reportes_8c97,Reportes,2026-05-02,9,6,51.1,2.0,1123.0,0.0,12.0
bot_Reportes_8c97_20260502162316,bot_Reportes_8c97,Reportes,2026-05-02,16,2,18.22,2.0,0.0,0.0,4.0
bot_Reportes_8c97_20260502175348,bot_Reportes_8c97,Reportes,2026-05-02,17,4,48.27,2.0,2896.0,0.25,8.0
bot_Reportes_8c97_20260503092645,bot_Reportes_8c97,Reportes,2026-05-03,9,2,8.12,2.0,487.0,0.5,4.0
bot_Reportes_8c97_20260503140819,bot_Reportes_8c97,Reportes,2026-05-03,14,3,0.53,2.0,0.0,0.0,6.0
bot_Reportes_8c97_20260503174524,bot_Reportes_8c97,Reportes,2026-05-03,17,3,1.0,2.0,0.0,0.0,6.0
bot_Reportes_8c97_20260503182729,bot_Reportes_8c97,Reportes,2026-05-03,18,3,23.62,2.0,0.0,0.0,6.0
bot_Reportes_8c97_20260504080401,bot_Reportes_8c97,Reportes,2026-05-04,8,15,136.13,2.0,1742.0,0.0667,30.0
bot_Reportes_8c97_20260504112928,bot_Reportes_8c97,Reportes,2026-05-04,11,4,14.17,2.0,778.0,0.0,8.0
bot_Reportes_8c97_20260504133821,bot_Reportes_8c97,Reportes,2026-05-04,13,11,121.08,2.0,0.0,0.0,22.0
bot_Reportes_8c97_20260504161343,bot_Reportes_8c97,Reportes,2026-05-04,16,40,160.3,2.0,0.0,0.025,80.0
bot_Reportes_8c97_20260505092941,bot_Reportes_8c97,Reportes,2026-05-05,9,10,55.07,2.0,0.0,0.0,20.0
bot_Reportes_8c97_20260505110525,bot_Reportes_8c97,Reportes,2026-05-05,11,4,26.82,2.0,1567.0,0.0,8.0
bot_Reportes_8c97_20260505131407,bot_Reportes_8c97,Reportes,2026-05-05,13,12,141.48,2.0,1492.0,0.25,24.0
bot_Reportes_8c97_20260505165435,bot_Reportes_8c97,Reportes,2026-05-05,16,28,120.6,2.0,1937.0,0.1429,56.0
bot_Reportes_8c97_20260506083023,bot_Reportes_8c97,Reportes,2026-05-06,8,2,7.7,2.0,462.0,0.0,4.0
bot_Reportes_8c97_20260506092017,bot_Reportes_8c97,Reportes,2026-05-06,9,10,54.83,2.0,450.0,0.2,20.0
bot_Reportes_8c97_20260506105834,bot_Reportes_8c97,Reportes,2026-05-06,10,4,11.17,2.0,616.0,0.0,8.0
bot_Reportes_8c97_20260506135059,bot_Reportes_8c97,Reportes,2026-05-06,13,13,83.4,2.0,2229.0,0.0,26.0
bot_Reportes_8c97_20260506154857,bot_Reportes_8c97,Reportes,2026-05-06,15,4,27.3,2.0,230.0,0.25,8.0
bot_Reportes_8c97_20260506165614,bot_Reportes_8c97,Reportes,2026-05-06,16,5,38.85,2.0,1241.0,0.0,10.0
bot_Reportes_8c97_20260506181838,bot_Reportes_8c97,Reportes,2026-05-06,18,14,38.68,2.0,394.0,0.0714,28.0
bot_Reportes_8c97_20260507080429,bot_Reportes_8c97,Reportes,2026-05-07,8,18,141.22,2.0,3053.0,0.1111,36.0
bot_Reportes_8c97_20260507112221,bot_Reportes_8c97,Reportes,2026-05-07,11,4,7.23,2.0,0.0,0.25,8.0
bot_Reportes_8c97_20260507140945,bot_Reportes_8c97,Reportes,2026-05-07,14,4,6.67,2.0,0.0,0.0,8.0
bot_Reportes_8c97_20260507152851,bot_Reportes_8c97,Reportes,2026-05-07,15,14,95.18,2.0,794.0,0.0,28.0
bot_Reportes_8c97_20260507173904,bot_Reportes_8c97,Reportes,2026-05-07,17,11,80.83,2.0,2359.0,0.0909,22.0
bot_Ventas_9525_20260501082551,bot_Ventas_9525,Ventas,2026-05-01,8,4,5.75,2.0,0.0,0.0,8.0
bot_Ventas_9525_20260501092412,bot_Ventas_9525,Ventas,2026-05-01,9,17,150.43,2.0,0.0,0.1176,34.0
bot_Ventas_9525_20260501122559,bot_Ventas_9525,Ventas,2026-05-01,12,24,175.18,2.0,9293.0,0.125,48.0
bot_Ventas_9525_20260501155703,bot_Ventas_9525,Ventas,2026-05-01,15,5,18.58,2.0,0.0,0.0,10.0
bot_Ventas_9525_20260501172111,bot_Ventas_9525,Ventas,2026-05-01,17,35,158.37,2.0,1451.0,0.2571,70.0
bot_Ventas_9525_20260502101826,bot_Ventas_9525,Ventas,2026-05-02,10,2,0.15,2.0,9.0,0.0,4.0
bot_Ventas_9525_20260502105903,bot_Ventas_9525,Ventas,2026-05-02,10,2,22.7,2.0,1362.0,0.0,4.0
bot_Ventas_9525_20260502121114,bot_Ventas_9525,Ventas,2026-05-02,12,2,6.87,2.0,0.0,0.0,4.0
bot_Ventas_9525_20260502170634,bot_Ventas_9525,Ventas,2026-05-02,17,3,1.3,2.0,78.0,0.0,6.0
bot_Ventas_9525_20260502180217,bot_Ventas_9525,Ventas,2026-05-02,18,2,0.5,2.0,30.0,0.0,4.0
bot_Ventas_9525_20260502184908,bot_Ventas_9525,Ventas,2026-05-02,18,4,48.93,2.0,1069.0,0.0,8.0
bot_Ventas_9525_20260503085610,bot_Ventas_9525,Ventas,2026-05-03,8,2,16.45,2.0,987.0,0.5,4.0
bot_Ventas_9525_20260503095421,bot_Ventas_9525,Ventas,2026-05-03,9,2,1.03,2.0,62.0,0.0,4.0
bot_Ventas_9525_20260503105205,bot_Ventas_9525,Ventas,2026-05-03,10,2,28.85,2.0,0.0,0.5,4.0
bot_Ventas_9525_20260503190116,bot_Ventas_9525,Ventas,2026-05-03,19,6,42.22,2.0,0.0,0.0,12.0
bot_Ventas_9525_20260504080630,bot_Ventas_9525,Ventas,2026-05-04,8,3,26.48,2.0,1589.0,0.0,6.0
bot_Ventas_9525_20260504092029,bot_Ventas_9525,Ventas,2026-05-04,9,2,0.45,2.0,27.0,0.0,4.0
bot_Ventas_9525_20260504102449,bot_Ventas_9525,Ventas,2026-05-04,10,8,93.95,2.0,3573.0,0.5,16.0
bot_Ventas_9525_20260504123254,bot_Ventas_9525,Ventas,2026-05-04,12,5,14.4,2.0,864.0,0.2,10.0
bot_Ventas_9525_20260504133430,bot_Ventas_9525,Ventas,2026-05-04,13,2,0.67,2.0,40.0,0.0,4.0
bot_Ventas_9525_20260504150921,bot_Ventas_9525,Ventas,2026-05-04,15,13,150.5,2.0,1276.0,0.2308,26.0
bot_Ventas_9525_20260504183448,bot_Ventas_9525,Ventas,2026-05-04,18,23,79.58,2.0,360.0,0.087,46.0
bot_Ventas_9525_20260505080504,bot_Ventas_9525,Ventas,2026-05-05,8,6,47.7,2.0,0.0,0.0,12.0
bot_Ventas_9525_20260505101430,bot_Ventas_9525,Ventas,2026-05-05,10,3,9.83,2.0,0.0,0.0,6.0
bot_Ventas_9525_20260505105749,bot_Ventas_9525,Ventas,2026-05-05,10,2,0.53,2.0,32.0,0.0,4.0
bot_Ventas_9525_20260505113006,bot_Ventas_9525,Ventas,2026-05-05,11,11,64.77,2.0,0.0,0.2727,22.0
bot_Ventas_9525_20260505131155,bot_Ventas_9525,Ventas,2026-05-05,13,3,8.43,2.0,506.0,0.3333,6.0
bot_Ventas_9525_20260505140110,bot_Ventas_9525,Ventas,2026-05-05,14,3,0.72,2.0,16.0,0.0,6.0
bot_Ventas_9525_20260505151645,bot_Ventas_9525,Ventas,2026-05-05,15,23,107.3,2.0,2468.0,0.2174,46.0
bot_Ventas_9525_20260505175130,bot_Ventas_9525,Ventas,2026-05-05,17,28,126.17,2.0,0.0,0.1071,56.0
bot_Ventas_9525_20260506084107,bot_Ventas_9525,Ventas,2026-05-06,8,5,22.03,2.0,57.0,0.0,10.0
bot_Ventas_9525_20260506095223,bot_Ventas_9525,Ventas,2026-05-06,9,4,35.17,2.0,2110.0,0.0,8.0
bot_Ventas_9525_20260506111157,bot_Ventas_9525,Ventas,2026-05-06,11,3,17.88,2.0,0.0,0.3333,6.0
bot_Ventas_9525_20260506121407,bot_Ventas_9525,Ventas,2026-05-06,12,6,21.23,2.0,500.0,0.1667,12.0
bot_Ventas_9525_20260506150800,bot_Ventas_9525,Ventas,2026-05-06,15,15,99.5,2.0,769.0,0.2,30.0
bot_Ventas_9525_20260506181020,bot_Ventas_9525,Ventas,2026-05-06,18,18,109.63,2.0,1023.0,0.0,36.0
bot_Ventas_9525_20260507080026,bot_Ventas_9525,Ventas,2026-05-07,8,5,17.23,2.0,167.0,0.2,10.0
bot_Ventas_9525_20260507085741,bot_Ventas_9525,Ventas,2026-05-07,8,3,27.3,2.0,1638.0,0.6667,6.0
bot_Ventas_9525_20260507100127,bot_Ventas_9525,Ventas,2026-05-07,10,15,135.6,2.0,0.0,0.2,30.0
bot_Ventas_9525_20260507150858,bot_Ventas_9525,Ventas,2026-05-07,15,5,21.5,2.0,52.0,0.0,10.0
bot_Ventas_9525_20260507160436,bot_Ventas_9525,Ventas,2026-05-07,16,2,4.2,2.0,252.0,0.0,4.0
bot_Ventas_9525_20260507164005,bot_Ventas_9525,Ventas,2026-05-07,16,27,186.9,2.0,1894.0,0.037,54.0
bot_Ventas_9a82_20260501080019,bot_Ventas_9a82,Ventas,2026-05-01,8,4,22.2,2.0,912.0,0.0,8.0
bot_Ventas_9a82_20260501085456,bot_Ventas_9a82,Ventas,2026-05-01,8,4,24.17,2.0,0.0,0.0,8.0
bot_Ventas_9a82_20260501095910,bot_Ventas_9a82,Ventas,2026-05-01,9,21,173.63,2.0,1763.0,0.0476,42.0
bot_Ventas_9a82_20260501153107,bot_Ventas_9a82,Ventas,2026-05-01,15,8,57.37,2.0,134.0,0.25,16.0
bot_Ventas_9a82_20260501175912,bot_Ventas_9a82,Ventas,2026-05-01,17,9,30.37,2.0,33.0,0.1111,18.0
bot_Ventas_9a82_20260501190059,bot_Ventas_9a82,Ventas,2026-05-01,19,19,51.23,2.0,1173.0,0.1053,38.0
bot_Ventas_9a82_20260502121208,bot_Ventas_9a82,Ventas,2026-05-02,12,4,10.73,2.0,0.0,0.0,8.0
bot_Ventas_9a82_20260502180529,bot_Ventas_9a82,Ventas,2026-05-02,18,3,31.55,2.0,0.0,0.0,6.0
bot_Ventas_9a82_20260502192000,bot_Ventas_9a82,Ventas,2026-05-02,19,10,38.65,2.0,0.0,0.1,20.0
bot_Ventas_9a82_20260503100444,bot_Ventas_9a82,Ventas,2026-05-03,10,4,1.5,2.0,32.0,0.0,8.0
bot_Ventas_9a82_20260503115400,bot_Ventas_9a82,Ventas,2026-05-03,11,7,47.68,2.0,2827.0,0.0,14.0
bot_Ventas_9a82_20260503165134,bot_Ventas_9a82,Ventas,2026-05-03,16,2,0.63,2.0,0.0,0.0,4.0
bot_Ventas_9a82_20260503174114,bot_Ventas_9a82,Ventas,2026-05-03,17,2,0.1,2.0,0.0,0.0,4.0
bot_Ventas_9a82_20260503190000,bot_Ventas_9a82,Ventas,2026-05-03,19,2,20.62,2.0,0.0,0.0,4.0
bot_Ventas_9a82_20260504085304,bot_Ventas_9a82,Ventas,2026-05-04,8,5,43.02,2.0,2581.0,0.4,10.0
bot_Ventas_9a82_20260504102541,bot_Ventas_9a82,Ventas,2026-05-04,10,8,72.35,2.0,0.0,0.25,16.0
bot_Ventas_9a82_20260504122351,bot_Ventas_9a82,Ventas,2026-05-04,12,5,53.27,2.0,2738.0,0.0,10.0
bot_Ventas_9a82_20260504135106,bot_Ventas_9a82,Ventas,2026-05-04,13,3,14.03,2.0,38.0,0.0,6.0
bot_Ventas_9a82_20260504153137,bot_Ventas_9a82,Ventas,2026-05-04,15,2,6.75,2.0,0.0,0.0,4.0
bot_Ventas_9a82_20260504161020,bot_Ventas_9a82,Ventas,2026-05-04,16,3,18.9,2.0,1119.0,0.0,6.0
bot_Ventas_9a82_20260504171029,bot_Ventas_9a82,Ventas,2026-05-04,17,16,89.35,2.0,1767.0,0.125,32.0
bot_Ventas_9a82_20260504191317,bot_Ventas_9a82,Ventas,2026-05-04,19,11,44.92,2.0,0.0,0.1818,22.0
bot_Ventas_9a82_20260505081950,bot_Ventas_9a82,Ventas,2026-05-05,8,4,6.08,2.0,176.0,0.0,8.0
bot_Ventas_9a82_20260505103046,bot_Ventas_9a82,Ventas,2026-05-05,10,2,12.1,2.0,726.0,0.0,4.0
bot_Ventas_9a82_20260505111255,bot_Ventas_9a82,Ventas,2026-05-05,11,11,105.47,2.0,1257.0,0.2727,22.0
bot_Ventas_9a82_20260505132949,bot_Ventas_9a82,Ventas,2026-05-05,13,2,3.88,2.0,233.0,0.0,4.0
bot_Ventas_9a82_20260505142222,bot_Ventas_9a82,Ventas,2026-05-05,14,3,1.0,2.0,60.0,0.0,6.0
bot_Ventas_9a82_20260505152911,bot_Ventas_9a82,Ventas,2026-05-05,15,38,262.87,2.0,2163.0,0.1579,76.0
bot_Ventas_9a82_20260506094614,bot_Ventas_9a82,Ventas,2026-05-06,9,9,86.45,2.0,0.0,0.4444,18.0
bot_Ventas_9a82_20260506114743,bot_Ventas_9a82,Ventas,2026-05-06,11,13,64.57,2.0,0.0,0.2308,26.0
bot_Ventas_9a82_20260506140352,bot_Ventas_9a82,Ventas,2026-05-06,14,5,32.27,2.0,1936.0,0.0,10.0
bot_Ventas_9a82_20260506153041,bot_Ventas_9a82,Ventas,2026-05-06,15,2,19.82,2.0,1189.0,0.0,4.0
bot_Ventas_9a82_20260506163448,bot_Ventas_9a82,Ventas,2026-05-06,16,13,45.18,2.0,0.0,0.0769,26.0
bot_Ventas_9a82_20260506175601,bot_Ventas_9a82,Ventas,2026-05-06,17,15,107.15,2.0,1178.0,0.1333,30.0
bot_Ventas_9a82_20260507080248,bot_Ventas_9a82,Ventas,2026-05-07,8,7,70.9,2.0,1827.0,0.0,14.0
bot_Ventas_9a82_20260507100756,bot_Ventas_9a82,Ventas,2026-05-07,10,29,201.05,2.0,1301.0,0.1379,58.0
bot_Ventas_9a82_20260507142309,bot_Ventas_9a82,Ventas,2026-05-07,14,32,264.08,2.0,0.0,0.0625,64.0
bot_Ventas_9a82_20260507192656,bot_Ventas_9a82,Ventas,2026-05-07,19,12,31.4,2.0,387.0,0.1667,24.0
bot_Ventas_c334_20260501082827,bot_Ventas_c334,Ventas,2026-05-01,8,17,120.72,2.0,0.0,0.0588,34.0
bot_Ventas_c334_20260501115533,bot_Ventas_c334,Ventas,2026-05-01,11,7,65.3,2.0,3853.0,0.4286,14.0
bot_Ventas_c334_20260501133812,bot_Ventas_c334,Ventas,2026-05-01,13,2,0.05,2.0,3.0,0.0,4.0
bot_Ventas_c334_20260501140836,bot_Ventas_c334,Ventas,2026-05-01,14,11,111.43,2.0,0.0,0.0909,22.0
bot_Ventas_c334_20260501164536,bot_Ventas_c334,Ventas,2026-05-01,16,6,57.07,2.0,3424.0,0.0,12.0
bot_Ventas_c334_20260501192227,bot_Ventas_c334,Ventas,2026-05-01,19,7,21.48,2.0,0.0,0.1429,14.0
bot_Ventas_c334_20260502091346,bot_Ventas_c334,Ventas,2026-05-02,9,2,0.33,2.0,0.0,0.0,4.0
bot_Ventas_c334_20260502100132,bot_Ventas_c334,Ventas,2026-05-02,10,7,92.28,2.0,1116.0,0.1429,14.0
bot_Ventas_c334_20260502163631,bot_Ventas_c334,Ventas,2026-05-02,16,2,19.8,2.0,1188.0,0.5,4.0
bot_Ventas_c334_20260502174641,bot_Ventas_c334,Ventas,2026-05-02,17,3,15.83,2.0,0.0,0.0,6.0
bot_Ventas_c334_20260502193407,bot_Ventas_c334,Ventas,2026-05-02,19,3,13.57,2.0,0.0,0.3333,6.0
bot_Ventas_c334_20260503095920,bot_Ventas_c334,Ventas,2026-05-03,9,5,42.02,2.0,1228.0,0.0,10.0
bot_Ventas_c334_20260503120801,bot_Ventas_c334,Ventas,2026-05-03,12,8,22.18,2.0,1331.0,0.0,16.0
bot_Ventas_c334_20260503150625,bot_Ventas_c334,Ventas,2026-05-03,15,3,44.35,2.0,0.0,0.3333,6.0
bot_Ventas_c334_20260503191236,bot_Ventas_c334,Ventas,2026-05-03,19,4,41.22,2.0,0.0,0.25,8.0
bot_Ventas_c334_20260504083113,bot_Ventas_c334,Ventas,2026-05-04,8,2,0.75,2.0,0.0,0.0,4.0
bot_Ventas_c334_20260504101734,bot_Ventas_c334,Ventas,2026-05-04,10,5,49.37,2.0,2962.0,0.2,10.0
bot_Ventas_c334_20260504113737,bot_Ventas_c334,Ventas,2026-05-04,11,12,94.18,2.0,3541.0,0.25,24.0
bot_Ventas_c334_20260504150035,bot_Ventas_c334,Ventas,2026-05-04,15,14,97.33,2.0,1741.0,0.1429,28.0
bot_Ventas_c334_20260504170949,bot_Ventas_c334,Ventas,2026-05-04,17,3,9.02,2.0,233.0,0.0,6.0
bot_Ventas_c334_20260504183840,bot_Ventas_c334,Ventas,2026-05-04,18,23,80.77,2.0,1575.0,0.0,46.0
bot_Ventas_c334_20260505080241,bot_Ventas_c334,Ventas,2026-05-05,8,4,17.88,2.0,1040.0,0.0,8.0
bot_Ventas_c334_20260505085326,bot_Ventas_c334,Ventas,2026-05-05,8,3,5.17,2.0,310.0,0.3333,6.0
bot_Ventas_c334_20260505093746,bot_Ventas_c334,Ventas,2026-05-05,9,2,17.42,2.0,0.0,0.5,4.0
bot_Ventas_c334_20260505113920,bot_Ventas_c334,Ventas,2026-05-05,11,14,79.22,2.0,1834.0,0.2143,28.0
bot_Ventas_c334_20260505140743,bot_Ventas_c334,Ventas,2026-05-05,14,9,82.42,2.0,0.0,0.2222,18.0
bot_Ventas_c334_20260505163010,bot_Ventas_c334,Ventas,2026-05-05,16,18,193.75,2.0,1870.0,0.1111,36.0
bot_Ventas_c334_20260506081522,bot_Ventas_c334,Ventas,2026-05-06,8,5,9.7,2.0,210.0,0.0,10.0
bot_Ventas_c334_20260506090928,bot_Ventas_c334,Ventas,2026-05-06,9,21,213.45,2.0,0.0,0.2381,42.0
bot_Ventas_c334_20260506145028,bot_Ventas_c334,Ventas,2026-05-06,14,21,143.6,2.0,3040.0,0.0476,42.0
bot_Ventas_c334_20260506174629,bot_Ventas_c334,Ventas,2026-05-06,17,26,129.62,2.0,2083.0,0.0769,52.0
bot_Ventas_c334_20260507083049,bot_Ventas_c334,Ventas,2026-05-07,8,3,20.35,2.0,1221.0,0.0,6.0
bot_Ventas_c334_20260507101605,bot_Ventas_c334,Ventas,2026-05-07,10,2,0.93,2.0,56.0,0.0,4.0
bot_Ventas_c334_20260507111838,bot_Ventas_c334,Ventas,2026-05-07,11,8,78.92,2.0,1783.0,0.125,16.0
bot_Ventas_c334_20260507132015,bot_Ventas_c334,Ventas,2026-05-07,13,4,39.98,2.0,580.0,0.0,8.0
bot_Ventas_c334_20260507151010,bot_Ventas_c334,Ventas,2026-05-07,15,20,155.9,2.0,0.0,0.15,40.0
bot_Ventas_c334_20260507183750,bot_Ventas_c334,Ventas,2026-05-07,18,25,78.92,2.0,4128.0,0.08,50.0
syn_Administrador_5b1d_20260508133000,syn_Administrador_5b1d,Administrador,2026-05-08,13,6,4.62,3.0,123.0,0.0,18.0
syn_Administrador_5b1d_20260509100500,syn_Administrador_5b1d,Administrador,2026-05-09,10,8,6.62,2.625,0.0,0.0,21.0
syn_Administrador_5b1d_20260510112000,syn_Administrador_5b1d,Administrador,2026-05-10,11,9,8.22,2.556,226.0,0.0,23.0
syn_Administrador_5b1d_20260511172700,syn_Administrador_5b1d,Administrador,2026-05-11,17,8,9.63,3.0,0.0,0.0,24.0
syn_Administrador_5b1d_20260512100800,syn_Administrador_5b1d,Administrador,2026-05-12,10,4,2.33,2.5,24.0,0.0,10.0
syn_Administrador_5b1d_20260513092800,syn_Administrador_5b1d,Administrador,2026-05-13,9,7,4.77,2.857,0.0,0.0,20.0
syn_Administrador_5b1d_20260514181600,syn_Administrador_5b1d,Administrador,2026-05-14,18,6,6.27,2.833,0.0,0.0,17.0
syn_Administrador_5b1d_20260515071000,syn_Administrador_5b1d,Administrador,2026-05-15,7,6,8.33,2.667,0.0,0.0,16.0
syn_Administrador_5b1d_20260516133400,syn_Administrador_5b1d,Administrador,2026-05-16,13,9,8.28,2.889,0.0,0.0,26.0
syn_Administrador_5b1d_20260517170800,syn_Administrador_5b1d,Administrador,2026-05-17,17,8,8.68,2.25,521.0,0.0,18.0
syn_Administrador_5b1d_20260518163800,syn_Administrador_5b1d,Administrador,2026-05-18,16,8,9.07,2.875,0.0,0.0,23.0
syn_Administrador_5b1d_20260519131800,syn_Administrador_5b1d,Administrador,2026-05-19,13,6,6.27,2.5,218.0,0.0,15.0
syn_Administrador_5b1d_20260520165700,syn_Administrador_5b1d,Administrador,2026-05-20,16,4,2.17,2.5,15.0,0.0,10.0
syn_Administrador_5b1d_20260521133100,syn_Administrador_5b1d,Administrador,2026-05-21,13,6,6.65,2.667,0.0,0.0,16.0
syn_Administrador_5b1d_20260522174000,syn_Administrador_5b1d,Administrador,2026-05-22,17,4,2.77,2.75,166.0,0.0,11.0
syn_Administrador_5b1d_20260523083100,syn_Administrador_5b1d,Administrador,2026-05-23,8,8,7.12,2.25,400.0,0.0,18.0
syn_Administrador_5b1d_20260524145300,syn_Administrador_5b1d,Administrador,2026-05-24,14,7,5.03,2.714,139.0,0.0,19.0
syn_Administrador_5b1d_20260525180100,syn_Administrador_5b1d,Administrador,2026-05-25,18,7,8.35,2.714,0.0,0.0,19.0
syn_Administrador_5b1d_20260526174900,syn_Administrador_5b1d,Administrador,2026-05-26,17,9,9.83,2.667,590.0,0.0,24.0
syn_Administrador_5b1d_20260527144600,syn_Administrador_5b1d,Administrador,2026-05-27,14,7,6.28,2.714,205.0,0.0,19.0
syn_Administrador_5b1d_20260528090200,syn_Administrador_5b1d,Administrador,2026-05-28,9,6,6.83,2.5,205.0,0.0,15.0
syn_Administrador_9a0c_20260508140800,syn_Administrador_9a0c,Administrador,2026-05-08,14,9,7.55,2.667,46.0,0.0,24.0
syn_Administrador_9a0c_20260509090400,syn_Administrador_9a0c,Administrador,2026-05-09,9,6,5.12,2.667,307.0,0.0,16.0
syn_Administrador_9a0c_20260510163800,syn_Administrador_9a0c,Administrador,2026-05-10,16,6,6.22,2.5,294.0,0.0,15.0
syn_Administrador_9a0c_20260511121900,syn_Administrador_9a0c,Administrador,2026-05-11,12,8,9.82,3.0,103.0,0.0,24.0
syn_Administrador_9a0c_20260512112100,syn_Administrador_9a0c,Administrador,2026-05-12,11,4,3.92,3.0,235.0,0.0,12.0
syn_Administrador_9a0c_20260513172900,syn_Administrador_9a0c,Administrador,2026-05-13,17,7,8.08,2.857,173.0,0.0,20.0
syn_Administrador_9a0c_20260514074200,syn_Administrador_9a0c,Administrador,2026-05-14,7,7,4.93,2.714,21.0,0.0,19.0
syn_Administrador_9a0c_20260515095000,syn_Administrador_9a0c,Administrador,2026-05-15,9,4,2.57,3.0,23.0,0.0,12.0
syn_Administrador_9a0c_20260516101700,syn_Administrador_9a0c,Administrador,2026-05-16,10,5,4.73,2.8,228.0,0.0,14.0
syn_Administrador_9a0c_20260517111300,syn_Administrador_9a0c,Administrador,2026-05-17,11,6,6.67,2.833,102.0,0.0,17.0
syn_Administrador_9a0c_20260518124100,syn_Administrador_9a0c,Administrador,2026-05-18,12,4,3.73,3.0,132.0,0.0,12.0
syn_Administrador_9a0c_20260519075900,syn_Administrador_9a0c,Administrador,2026-05-19,7,5,4.52,2.6,271.0,0.0,13.0
syn_Administrador_9a0c_20260520142500,syn_Administrador_9a0c,Administrador,2026-05-20,14,5,2.87,3.0,36.0,0.0,15.0
syn_Administrador_9a0c_20260521135300,syn_Administrador_9a0c,Administrador,2026-05-21,13,7,7.63,2.714,152.0,0.0,19.0
syn_Administrador_9a0c_20260522101900,syn_Administrador_9a0c,Administrador,2026-05-22,10,7,6.8,2.857,0.0,0.0,20.0
syn_Administrador_9a0c_20260523170700,syn_Administrador_9a0c,Administrador,2026-05-23,17,8,9.25,2.625,90.0,0.0,21.0
syn_Administrador_9a0c_20260524142000,syn_Administrador_9a0c,Administrador,2026-05-24,14,6,5.8,2.5,348.0,0.0,15.0
syn_Administrador_9a0c_20260525133200,syn_Administrador_9a0c,Administrador,2026-05-25,13,9,10.9,2.889,0.0,0.0,26.0
syn_Administrador_9a0c_20260526172000,syn_Administrador_9a0c,Administrador,2026-05-26,17,4,3.45,2.5,207.0,0.0,10.0
syn_Administrador_9a0c_20260527183100,syn_Administrador_9a0c,Administrador,2026-05-27,18,5,4.03,2.8,56.0,0.0,14.0
syn_Administrador_9a0c_20260528162700,syn_Administrador_9a0c,Administrador,2026-05-28,16,7,5.17,2.857,0.0,0.0,20.0
syn_Caja_105a_20260508080100,syn_Caja_105a,Caja,2026-05-08,8,6,5.75,2.0,216.0,0.1667,12.0
syn_Caja_105a_20260509095300,syn_Caja_105a,Caja,2026-05-09,9,10,12.03,2.0,20.0,0.1,20.0
syn_Caja_105a_20260510070800,syn_Caja_105a,Caja,2026-05-10,7,10,9.52,2.0,377.0,0.1,20.0
syn_Caja_105a_20260511134600,syn_Caja_105a,Caja,2026-05-11,13,8,7.58,2.0,455.0,0.0,16.0
syn_Caja_105a_20260512093100,syn_Caja_105a,Caja,2026-05-12,9,10,9.87,2.0,67.0,0.0,20.0
syn_Caja_105a_20260513120600,syn_Caja_105a,Caja,2026-05-13,12,9,7.68,2.0,16.0,0.2222,18.0
syn_Caja_105a_20260514180900,syn_Caja_105a,Caja,2026-05-14,18,10,8.45,2.0,124.0,0.0,20.0
syn_Caja_105a_20260515150000,syn_Caja_105a,Caja,2026-05-15,15,10,9.55,2.0,0.0,0.1,20.0
syn_Caja_105a_20260516154200,syn_Caja_105a,Caja,2026-05-16,15,10,8.88,2.0,0.0,0.2,20.0
syn_Caja_105a_20260517172000,syn_Caja_105a,Caja,2026-05-17,17,6,7.35,2.0,94.0,0.0,12.0
syn_Caja_105a_20260518115600,syn_Caja_105a,Caja,2026-05-18,11,10,8.07,2.0,484.0,0.0,20.0
syn_Caja_105a_20260519072900,syn_Caja_105a,Caja,2026-05-19,7,10,9.05,2.0,224.0,0.2,20.0
syn_Caja_105a_20260520134200,syn_Caja_105a,Caja,2026-05-20,13,9,6.87,2.0,41.0,0.1111,18.0
syn_Caja_105a_20260521100700,syn_Caja_105a,Caja,2026-05-21,10,6,6.73,2.0,174.0,0.0,12.0
syn_Caja_105a_20260522175600,syn_Caja_105a,Caja,2026-05-22,17,5,4.13,2.0,248.0,0.0,10.0
syn_Caja_105a_20260523100900,syn_Caja_105a,Caja,2026-05-23,10,5,4.1,2.0,246.0,0.0,10.0
syn_Caja_105a_20260524184200,syn_Caja_105a,Caja,2026-05-24,18,5,2.3,2.0,75.0,0.2,10.0
syn_Caja_105a_20260525172000,syn_Caja_105a,Caja,2026-05-25,17,10,10.98,2.0,306.0,0.3,20.0
syn_Caja_105a_20260526094300,syn_Caja_105a,Caja,2026-05-26,9,9,8.87,2.0,250.0,0.0,18.0
syn_Caja_105a_20260527183100,syn_Caja_105a,Caja,2026-05-27,18,8,6.78,2.0,78.0,0.25,16.0
syn_Caja_105a_20260528164500,syn_Caja_105a,Caja,2026-05-28,16,10,9.0,2.0,0.0,0.1,20.0
syn_Caja_ac1c_20260508130700,syn_Caja_ac1c,Caja,2026-05-08,13,8,8.52,2.0,0.0,0.0,16.0
syn_Caja_ac1c_20260509184200,syn_Caja_ac1c,Caja,2026-05-09,18,8,8.58,2.0,171.0,0.125,16.0
syn_Caja_ac1c_20260510115700,syn_Caja_ac1c,Caja,2026-05-10,11,10,9.05,2.0,25.0,0.1,20.0
syn_Caja_ac1c_20260511152700,syn_Caja_ac1c,Caja,2026-05-11,15,8,6.35,2.0,0.0,0.25,16.0
syn_Caja_ac1c_20260512135500,syn_Caja_ac1c,Caja,2026-05-12,13,10,10.27,2.0,341.0,0.3,20.0
syn_Caja_ac1c_20260513144700,syn_Caja_ac1c,Caja,2026-05-13,14,9,8.55,2.0,323.0,0.0,18.0
syn_Caja_ac1c_20260514132600,syn_Caja_ac1c,Caja,2026-05-14,13,10,9.7,2.0,582.0,0.0,20.0
syn_Caja_ac1c_20260515080600,syn_Caja_ac1c,Caja,2026-05-15,8,9,10.93,2.0,303.0,0.1111,18.0
syn_Caja_ac1c_20260516135800,syn_Caja_ac1c,Caja,2026-05-16,13,8,7.78,2.0,194.0,0.125,16.0
syn_Caja_ac1c_20260517115700,syn_Caja_ac1c,Caja,2026-05-17,11,9,8.1,2.0,57.0,0.1111,18.0
syn_Caja_ac1c_20260518152200,syn_Caja_ac1c,Caja,2026-05-18,15,5,5.18,2.0,0.0,0.0,10.0
syn_Caja_ac1c_20260519181500,syn_Caja_ac1c,Caja,2026-05-19,18,5,5.38,2.0,323.0,0.0,10.0
syn_Caja_ac1c_20260520135200,syn_Caja_ac1c,Caja,2026-05-20,13,6,5.92,2.0,90.0,0.0,12.0
syn_Caja_ac1c_20260521095000,syn_Caja_ac1c,Caja,2026-05-21,9,9,10.05,2.0,394.0,0.0,18.0
syn_Caja_ac1c_20260522180100,syn_Caja_ac1c,Caja,2026-05-22,18,9,6.28,2.0,231.0,0.3333,18.0
syn_Caja_ac1c_20260523171000,syn_Caja_ac1c,Caja,2026-05-23,17,5,2.73,2.0,164.0,0.0,10.0
syn_Caja_ac1c_20260524083000,syn_Caja_ac1c,Caja,2026-05-24,8,5,4.17,2.0,43.0,0.2,10.0
syn_Caja_ac1c_20260525145300,syn_Caja_ac1c,Caja,2026-05-25,14,9,9.22,2.0,15.0,0.1111,18.0
syn_Caja_ac1c_20260526180800,syn_Caja_ac1c,Caja,2026-05-26,18,10,13.22,2.0,0.0,0.1,20.0
syn_Caja_ac1c_20260527183800,syn_Caja_ac1c,Caja,2026-05-27,18,6,6.28,2.0,0.0,0.1667,12.0
syn_Caja_ac1c_20260528161600,syn_Caja_ac1c,Caja,2026-05-28,16,10,10.73,2.0,370.0,0.1,20.0
syn_Caja_d197_20260508123300,syn_Caja_d197,Caja,2026-05-08,12,6,5.13,2.0,0.0,0.0,12.0
syn_Caja_d197_20260509165000,syn_Caja_d197,Caja,2026-05-09,16,10,9.32,2.0,63.0,0.0,20.0
syn_Caja_d197_20260510103200,syn_Caja_d197,Caja,2026-05-10,10,9,10.93,2.0,0.0,0.2222,18.0
syn_Caja_d197_20260511091800,syn_Caja_d197,Caja,2026-05-11,9,8,7.33,2.0,164.0,0.125,16.0
syn_Caja_d197_20260512152400,syn_Caja_d197,Caja,2026-05-12,15,10,11.2,2.0,215.0,0.1,20.0
syn_Caja_d197_20260513145500,syn_Caja_d197,Caja,2026-05-13,14,6,4.67,2.0,108.0,0.0,12.0
syn_Caja_d197_20260514154100,syn_Caja_d197,Caja,2026-05-14,15,5,4.78,2.0,167.0,0.0,10.0
syn_Caja_d197_20260515132500,syn_Caja_d197,Caja,2026-05-15,13,9,8.35,2.0,0.0,0.0,18.0
syn_Caja_d197_20260516075900,syn_Caja_d197,Caja,2026-05-16,7,6,5.18,2.0,278.0,0.0,12.0
syn_Caja_d197_20260517131800,syn_Caja_d197,Caja,2026-05-17,13,6,4.35,2.0,79.0,0.1667,12.0
syn_Caja_d197_20260518092800,syn_Caja_d197,Caja,2026-05-18,9,5,4.07,2.0,70.0,0.0,10.0
syn_Caja_d197_20260519160600,syn_Caja_d197,Caja,2026-05-19,16,8,7.35,2.0,0.0,0.125,16.0
syn_Caja_d197_20260520154200,syn_Caja_d197,Caja,2026-05-20,15,6,4.87,2.0,292.0,0.0,12.0
syn_Caja_d197_20260521082400,syn_Caja_d197,Caja,2026-05-21,8,10,8.63,2.0,126.0,0.0,20.0
syn_Caja_d197_20260522163100,syn_Caja_d197,Caja,2026-05-22,16,5,3.32,2.0,150.0,0.2,10.0
syn_Caja_d197_20260523154000,syn_Caja_d197,Caja,2026-05-23,15,10,9.88,2.0,340.0,0.0,20.0
syn_Caja_d197_20260524133300,syn_Caja_d197,Caja,2026-05-24,13,7,5.25,2.0,22.0,0.0,14.0
syn_Caja_d197_20260525122500,syn_Caja_d197,Caja,2026-05-25,12,8,7.38,2.0,219.0,0.0,16.0
syn_Caja_d197_20260526082400,syn_Caja_d197,Caja,2026-05-26,8,9,7.6,2.0,456.0,0.0,18.0
syn_Caja_d197_20260527181900,syn_Caja_d197,Caja,2026-05-27,18,9,7.55,2.0,195.0,0.2222,18.0
syn_Caja_d197_20260528101600,syn_Caja_d197,Caja,2026-05-28,10,8,6.0,2.0,26.0,0.125,16.0
syn_Compras_9e03_20260508152200,syn_Compras_9e03,Compras,2026-05-08,15,7,4.55,2.0,60.0,0.0,14.0
syn_Compras_9e03_20260509132000,syn_Compras_9e03,Compras,2026-05-09,13,10,10.0,2.0,600.0,0.0,20.0
syn_Compras_9e03_20260510100300,syn_Compras_9e03,Compras,2026-05-10,10,10,10.85,2.0,105.0,0.0,20.0
syn_Compras_9e03_20260511114500,syn_Compras_9e03,Compras,2026-05-11,11,4,2.42,2.0,107.0,0.0,8.0
syn_Compras_9e03_20260512155400,syn_Compras_9e03,Compras,2026-05-12,15,6,5.92,2.0,31.0,0.0,12.0
syn_Compras_9e03_20260513073000,syn_Compras_9e03,Compras,2026-05-13,7,9,6.12,2.0,27.0,0.0,18.0
syn_Compras_9e03_20260514185200,syn_Compras_9e03,Compras,2026-05-14,18,9,7.43,2.0,97.0,0.0,18.0
syn_Compras_9e03_20260515153200,syn_Compras_9e03,Compras,2026-05-15,15,5,5.62,2.0,0.0,0.0,10.0
syn_Compras_9e03_20260516170100,syn_Compras_9e03,Compras,2026-05-16,17,5,5.9,2.0,354.0,0.0,10.0
syn_Compras_9e03_20260517172200,syn_Compras_9e03,Compras,2026-05-17,17,6,3.87,2.0,120.0,0.0,12.0
syn_Compras_9e03_20260518101800,syn_Compras_9e03,Compras,2026-05-18,10,10,9.57,2.0,67.0,0.0,20.0
syn_Compras_9e03_20260519165900,syn_Compras_9e03,Compras,2026-05-19,16,9,7.0,2.0,383.0,0.0,18.0
syn_Compras_9e03_20260520170600,syn_Compras_9e03,Compras,2026-05-20,17,6,5.53,2.0,332.0,0.0,12.0
syn_Compras_9e03_20260521080000,syn_Compras_9e03,Compras,2026-05-21,8,5,4.88,2.0,25.0,0.0,10.0
syn_Compras_9e03_20260522171500,syn_Compras_9e03,Compras,2026-05-22,17,5,3.97,2.0,238.0,0.0,10.0
syn_Compras_9e03_20260523162800,syn_Compras_9e03,Compras,2026-05-23,16,4,4.5,2.0,270.0,0.0,8.0
syn_Compras_9e03_20260524144500,syn_Compras_9e03,Compras,2026-05-24,14,10,7.85,2.0,0.0,0.0,20.0
syn_Compras_9e03_20260525161600,syn_Compras_9e03,Compras,2026-05-25,16,4,3.37,2.0,202.0,0.0,8.0
syn_Compras_9e03_20260526104700,syn_Compras_9e03,Compras,2026-05-26,10,5,5.0,2.0,300.0,0.0,10.0
syn_Compras_9e03_20260527095100,syn_Compras_9e03,Compras,2026-05-27,9,4,3.75,2.0,153.0,0.0,8.0
syn_Compras_9e03_20260528083400,syn_Compras_9e03,Compras,2026-05-28,8,8,10.72,2.0,0.0,0.0,16.0
syn_Compras_df03_20260508125100,syn_Compras_df03,Compras,2026-05-08,12,4,3.82,2.0,0.0,0.0,8.0
syn_Compras_df03_20260509100000,syn_Compras_df03,Compras,2026-05-09,10,9,10.67,2.0,640.0,0.0,18.0
syn_Compras_df03_20260510101300,syn_Compras_df03,Compras,2026-05-10,10,5,5.17,2.0,0.0,0.0,10.0
syn_Compras_df03_20260511160400,syn_Compras_df03,Compras,2026-05-11,16,9,11.02,2.0,350.0,0.0,18.0
syn_Compras_df03_20260512115300,syn_Compras_df03,Compras,2026-05-12,11,5,3.43,2.0,125.0,0.0,10.0
syn_Compras_df03_20260513181300,syn_Compras_df03,Compras,2026-05-13,18,10,12.18,2.0,158.0,0.0,20.0
syn_Compras_df03_20260514124600,syn_Compras_df03,Compras,2026-05-14,12,10,10.08,2.0,275.0,0.0,20.0
syn_Compras_df03_20260515141700,syn_Compras_df03,Compras,2026-05-15,14,9,9.28,2.0,0.0,0.0,18.0
syn_Compras_df03_20260516083200,syn_Compras_df03,Compras,2026-05-16,8,6,4.73,2.0,59.0,0.0,12.0
syn_Compras_df03_20260517100800,syn_Compras_df03,Compras,2026-05-17,10,8,7.2,2.0,44.0,0.0,16.0
syn_Compras_df03_20260518110700,syn_Compras_df03,Compras,2026-05-18,11,8,7.33,2.0,0.0,0.0,16.0
syn_Compras_df03_20260519184300,syn_Compras_df03,Compras,2026-05-19,18,10,12.02,2.0,65.0,0.0,20.0
syn_Compras_df03_20260520145100,syn_Compras_df03,Compras,2026-05-20,14,10,12.63,2.0,0.0,0.0,20.0
syn_Compras_df03_20260521081800,syn_Compras_df03,Compras,2026-05-21,8,6,5.33,2.0,128.0,0.0,12.0
syn_Compras_df03_20260522153200,syn_Compras_df03,Compras,2026-05-22,15,5,4.12,2.0,72.0,0.0,10.0
syn_Compras_df03_20260523081200,syn_Compras_df03,Compras,2026-05-23,8,6,6.07,2.0,0.0,0.0,12.0
syn_Compras_df03_20260524123200,syn_Compras_df03,Compras,2026-05-24,12,4,3.1,2.0,60.0,0.0,8.0
syn_Compras_df03_20260525104200,syn_Compras_df03,Compras,2026-05-25,10,10,8.2,2.0,317.0,0.0,20.0
syn_Compras_df03_20260526160600,syn_Compras_df03,Compras,2026-05-26,16,7,6.58,2.0,53.0,0.0,14.0
syn_Compras_df03_20260527080400,syn_Compras_df03,Compras,2026-05-27,8,8,7.85,2.0,471.0,0.0,16.0
syn_Compras_df03_20260528152400,syn_Compras_df03,Compras,2026-05-28,15,8,7.42,2.0,168.0,0.0,16.0
syn_Compras_fb52_20260508092600,syn_Compras_fb52,Compras,2026-05-08,9,8,6.75,2.0,405.0,0.0,16.0
syn_Compras_fb52_20260509091200,syn_Compras_fb52,Compras,2026-05-09,9,8,9.47,2.0,0.0,0.125,16.0
syn_Compras_fb52_20260510081200,syn_Compras_fb52,Compras,2026-05-10,8,5,4.12,2.0,0.0,0.0,10.0
syn_Compras_fb52_20260511111400,syn_Compras_fb52,Compras,2026-05-11,11,9,10.18,2.0,0.0,0.0,18.0
syn_Compras_fb52_20260512092000,syn_Compras_fb52,Compras,2026-05-12,9,5,4.35,2.0,0.0,0.0,10.0
syn_Compras_fb52_20260513153400,syn_Compras_fb52,Compras,2026-05-13,15,7,6.58,2.0,55.0,0.0,14.0
syn_Compras_fb52_20260514180100,syn_Compras_fb52,Compras,2026-05-14,18,9,7.47,2.0,0.0,0.0,18.0
syn_Compras_fb52_20260515151900,syn_Compras_fb52,Compras,2026-05-15,15,9,9.62,2.0,136.0,0.0,18.0
syn_Compras_fb52_20260516104000,syn_Compras_fb52,Compras,2026-05-16,10,4,3.13,2.0,188.0,0.0,8.0
syn_Compras_fb52_20260517082100,syn_Compras_fb52,Compras,2026-05-17,8,7,5.05,2.0,17.0,0.0,14.0
syn_Compras_fb52_20260518172400,syn_Compras_fb52,Compras,2026-05-18,17,5,2.3,2.0,115.0,0.0,10.0
syn_Compras_fb52_20260519141600,syn_Compras_fb52,Compras,2026-05-19,14,10,10.12,2.0,0.0,0.0,20.0
syn_Compras_fb52_20260520180600,syn_Compras_fb52,Compras,2026-05-20,18,7,6.1,2.0,0.0,0.0,14.0
syn_Compras_fb52_20260521090400,syn_Compras_fb52,Compras,2026-05-21,9,6,5.47,2.0,0.0,0.0,12.0
syn_Compras_fb52_20260522173700,syn_Compras_fb52,Compras,2026-05-22,17,8,8.28,2.0,247.0,0.0,16.0
syn_Compras_fb52_20260523113200,syn_Compras_fb52,Compras,2026-05-23,11,10,10.9,2.0,654.0,0.1,20.0
syn_Compras_fb52_20260524142600,syn_Compras_fb52,Compras,2026-05-24,14,10,8.65,2.0,0.0,0.0,20.0
syn_Compras_fb52_20260525115300,syn_Compras_fb52,Compras,2026-05-25,11,8,6.22,2.0,373.0,0.0,16.0
syn_Compras_fb52_20260526111600,syn_Compras_fb52,Compras,2026-05-26,11,5,5.95,2.0,357.0,0.0,10.0
syn_Compras_fb52_20260527122200,syn_Compras_fb52,Compras,2026-05-27,12,7,5.52,2.0,242.0,0.0,14.0
syn_Compras_fb52_20260528111100,syn_Compras_fb52,Compras,2026-05-28,11,5,5.68,2.0,192.0,0.0,10.0
syn_Logistica_0ca2_20260508093800,syn_Logistica_0ca2,Logistica,2026-05-08,9,7,6.47,2.0,78.0,0.0,14.0
syn_Logistica_0ca2_20260509105800,syn_Logistica_0ca2,Logistica,2026-05-09,10,7,5.3,2.0,133.0,0.1429,14.0
syn_Logistica_0ca2_20260510111900,syn_Logistica_0ca2,Logistica,2026-05-10,11,11,12.9,2.0,132.0,0.0,22.0
syn_Logistica_0ca2_20260511090500,syn_Logistica_0ca2,Logistica,2026-05-11,9,10,9.35,2.0,270.0,0.0,20.0
syn_Logistica_0ca2_20260512140700,syn_Logistica_0ca2,Logistica,2026-05-12,14,10,10.15,2.0,0.0,0.0,20.0
syn_Logistica_0ca2_20260513113100,syn_Logistica_0ca2,Logistica,2026-05-13,11,8,6.18,2.0,28.0,0.125,16.0
syn_Logistica_0ca2_20260514093600,syn_Logistica_0ca2,Logistica,2026-05-14,9,9,10.15,2.0,0.0,0.0,18.0
syn_Logistica_0ca2_20260515112200,syn_Logistica_0ca2,Logistica,2026-05-15,11,11,12.57,2.0,108.0,0.0909,22.0
syn_Logistica_0ca2_20260516081600,syn_Logistica_0ca2,Logistica,2026-05-16,8,8,7.08,2.0,0.0,0.0,16.0
syn_Logistica_0ca2_20260517112300,syn_Logistica_0ca2,Logistica,2026-05-17,11,12,11.22,2.0,15.0,0.0833,24.0
syn_Logistica_0ca2_20260518094500,syn_Logistica_0ca2,Logistica,2026-05-18,9,13,14.75,2.0,0.0,0.0769,26.0
syn_Logistica_0ca2_20260519183000,syn_Logistica_0ca2,Logistica,2026-05-19,18,8,6.25,2.0,81.0,0.0,16.0
syn_Logistica_0ca2_20260520165800,syn_Logistica_0ca2,Logistica,2026-05-20,16,14,11.6,2.0,62.0,0.0,28.0
syn_Logistica_0ca2_20260521081300,syn_Logistica_0ca2,Logistica,2026-05-21,8,14,16.97,2.0,0.0,0.0,28.0
syn_Logistica_0ca2_20260522165900,syn_Logistica_0ca2,Logistica,2026-05-22,16,8,7.93,2.0,0.0,0.0,16.0
syn_Logistica_0ca2_20260523104700,syn_Logistica_0ca2,Logistica,2026-05-23,10,6,5.22,2.0,19.0,0.0,12.0
syn_Logistica_0ca2_20260524094800,syn_Logistica_0ca2,Logistica,2026-05-24,9,8,6.8,2.0,173.0,0.0,16.0
syn_Logistica_0ca2_20260525110000,syn_Logistica_0ca2,Logistica,2026-05-25,11,11,8.38,2.0,0.0,0.1818,22.0
syn_Logistica_0ca2_20260526155900,syn_Logistica_0ca2,Logistica,2026-05-26,15,6,6.88,2.0,0.0,0.0,12.0
syn_Logistica_0ca2_20260527133300,syn_Logistica_0ca2,Logistica,2026-05-27,13,9,11.27,2.0,218.0,0.1111,18.0
syn_Logistica_0ca2_20260528181700,syn_Logistica_0ca2,Logistica,2026-05-28,18,8,7.25,2.0,17.0,0.0,16.0
syn_Logistica_1d0a_20260508182000,syn_Logistica_1d0a,Logistica,2026-05-08,18,12,13.63,2.0,0.0,0.0,24.0
syn_Logistica_1d0a_20260509161000,syn_Logistica_1d0a,Logistica,2026-05-09,16,12,9.42,2.0,247.0,0.0833,24.0
syn_Logistica_1d0a_20260510113900,syn_Logistica_1d0a,Logistica,2026-05-10,11,14,14.33,2.0,242.0,0.0,28.0
syn_Logistica_1d0a_20260511081900,syn_Logistica_1d0a,Logistica,2026-05-11,8,10,13.1,2.0,398.0,0.0,20.0
syn_Logistica_1d0a_20260512114500,syn_Logistica_1d0a,Logistica,2026-05-12,11,11,12.47,2.0,0.0,0.0909,22.0
syn_Logistica_1d0a_20260513102000,syn_Logistica_1d0a,Logistica,2026-05-13,10,9,6.53,2.0,48.0,0.1111,18.0
syn_Logistica_1d0a_20260514184800,syn_Logistica_1d0a,Logistica,2026-05-14,18,14,13.97,2.0,0.0,0.0,28.0
syn_Logistica_1d0a_20260515130400,syn_Logistica_1d0a,Logistica,2026-05-15,13,7,8.57,2.0,240.0,0.0,14.0
syn_Logistica_1d0a_20260516125700,syn_Logistica_1d0a,Logistica,2026-05-16,12,14,17.43,2.0,0.0,0.0714,28.0
syn_Logistica_1d0a_20260517182300,syn_Logistica_1d0a,Logistica,2026-05-17,18,7,6.92,2.0,186.0,0.0,14.0
syn_Logistica_1d0a_20260518161600,syn_Logistica_1d0a,Logistica,2026-05-18,16,6,3.67,2.0,38.0,0.0,12.0
syn_Logistica_1d0a_20260519103100,syn_Logistica_1d0a,Logistica,2026-05-19,10,8,6.6,2.0,0.0,0.0,16.0
syn_Logistica_1d0a_20260520133900,syn_Logistica_1d0a,Logistica,2026-05-20,13,10,9.28,2.0,41.0,0.1,20.0
syn_Logistica_1d0a_20260521145900,syn_Logistica_1d0a,Logistica,2026-05-21,14,10,11.02,2.0,95.0,0.0,20.0
syn_Logistica_1d0a_20260522143000,syn_Logistica_1d0a,Logistica,2026-05-22,14,12,16.18,2.0,266.0,0.0833,24.0
syn_Logistica_1d0a_20260523144300,syn_Logistica_1d0a,Logistica,2026-05-23,14,14,13.9,2.0,176.0,0.0714,28.0
syn_Logistica_1d0a_20260524112600,syn_Logistica_1d0a,Logistica,2026-05-24,11,13,13.57,2.0,43.0,0.0,26.0
syn_Logistica_1d0a_20260525175700,syn_Logistica_1d0a,Logistica,2026-05-25,17,11,10.65,2.0,39.0,0.0,22.0
syn_Logistica_1d0a_20260526185500,syn_Logistica_1d0a,Logistica,2026-05-26,18,9,10.15,2.0,239.0,0.0,18.0
syn_Logistica_1d0a_20260527095000,syn_Logistica_1d0a,Logistica,2026-05-27,9,11,12.27,2.0,263.0,0.0,22.0
syn_Logistica_1d0a_20260528155300,syn_Logistica_1d0a,Logistica,2026-05-28,15,7,8.07,2.0,200.0,0.0,14.0
syn_Logistica_2864_20260508084800,syn_Logistica_2864,Logistica,2026-05-08,8,13,12.85,2.0,171.0,0.0,26.0
syn_Logistica_2864_20260509111900,syn_Logistica_2864,Logistica,2026-05-09,11,10,8.65,2.0,25.0,0.0,20.0
syn_Logistica_2864_20260510123100,syn_Logistica_2864,Logistica,2026-05-10,12,13,14.42,2.0,170.0,0.0,26.0
syn_Logistica_2864_20260511111600,syn_Logistica_2864,Logistica,2026-05-11,11,10,12.22,2.0,167.0,0.1,20.0
syn_Logistica_2864_20260512102200,syn_Logistica_2864,Logistica,2026-05-12,10,9,6.95,2.0,54.0,0.3333,18.0
syn_Logistica_2864_20260513080800,syn_Logistica_2864,Logistica,2026-05-13,8,12,14.88,2.0,679.0,0.0,24.0
syn_Logistica_2864_20260514084100,syn_Logistica_2864,Logistica,2026-05-14,8,6,4.98,2.0,0.0,0.0,12.0
syn_Logistica_2864_20260515151200,syn_Logistica_2864,Logistica,2026-05-15,15,11,11.08,2.0,440.0,0.0,22.0
syn_Logistica_2864_20260516141700,syn_Logistica_2864,Logistica,2026-05-16,14,12,15.48,2.0,226.0,0.0,24.0
syn_Logistica_2864_20260517070000,syn_Logistica_2864,Logistica,2026-05-17,7,8,6.35,2.0,334.0,0.0,16.0
syn_Logistica_2864_20260518105400,syn_Logistica_2864,Logistica,2026-05-18,10,13,12.03,2.0,105.0,0.0,26.0
syn_Logistica_2864_20260519123200,syn_Logistica_2864,Logistica,2026-05-19,12,12,12.9,2.0,95.0,0.0,24.0
syn_Logistica_2864_20260520114300,syn_Logistica_2864,Logistica,2026-05-20,11,10,11.63,2.0,97.0,0.2,20.0
syn_Logistica_2864_20260521094300,syn_Logistica_2864,Logistica,2026-05-21,9,7,5.02,2.0,301.0,0.0,14.0
syn_Logistica_2864_20260522122300,syn_Logistica_2864,Logistica,2026-05-22,12,10,10.63,2.0,86.0,0.0,20.0
syn_Logistica_2864_20260523081300,syn_Logistica_2864,Logistica,2026-05-23,8,14,11.08,2.0,216.0,0.0,28.0
syn_Logistica_2864_20260524111200,syn_Logistica_2864,Logistica,2026-05-24,11,7,6.53,2.0,209.0,0.0,14.0
syn_Logistica_2864_20260525131000,syn_Logistica_2864,Logistica,2026-05-25,13,6,5.38,2.0,89.0,0.0,12.0
syn_Logistica_2864_20260526170100,syn_Logistica_2864,Logistica,2026-05-26,17,12,15.17,2.0,42.0,0.1667,24.0
syn_Logistica_2864_20260527163400,syn_Logistica_2864,Logistica,2026-05-27,16,8,6.57,2.0,232.0,0.0,16.0
syn_Logistica_2864_20260528100200,syn_Logistica_2864,Logistica,2026-05-28,10,8,9.13,2.0,131.0,0.0,16.0
syn_Reportes_69a4_20260508092500,syn_Reportes_69a4,Reportes,2026-05-08,9,6,6.63,2.0,398.0,0.0,12.0
syn_Reportes_69a4_20260509151600,syn_Reportes_69a4,Reportes,2026-05-09,15,4,5.42,2.0,116.0,0.0,8.0
syn_Reportes_69a4_20260510151200,syn_Reportes_69a4,Reportes,2026-05-10,15,5,4.55,2.0,0.0,0.0,10.0
syn_Reportes_69a4_20260511180900,syn_Reportes_69a4,Reportes,2026-05-11,18,8,8.15,2.0,164.0,0.0,16.0
syn_Reportes_69a4_20260512101500,syn_Reportes_69a4,Reportes,2026-05-12,10,6,4.58,2.0,29.0,0.0,12.0
syn_Reportes_69a4_20260513182100,syn_Reportes_69a4,Reportes,2026-05-13,18,6,5.92,2.0,355.0,0.0,12.0
syn_Reportes_69a4_20260514120500,syn_Reportes_69a4,Reportes,2026-05-14,12,4,2.62,2.0,157.0,0.0,8.0
syn_Reportes_69a4_20260515083700,syn_Reportes_69a4,Reportes,2026-05-15,8,9,11.27,2.0,226.0,0.0,18.0
syn_Reportes_69a4_20260516184000,syn_Reportes_69a4,Reportes,2026-05-16,18,6,6.97,2.0,0.0,0.0,12.0
syn_Reportes_69a4_20260517125100,syn_Reportes_69a4,Reportes,2026-05-17,12,7,5.95,2.0,137.0,0.0,14.0
syn_Reportes_69a4_20260518102800,syn_Reportes_69a4,Reportes,2026-05-18,10,4,2.93,2.0,0.0,0.0,8.0
syn_Reportes_69a4_20260519161200,syn_Reportes_69a4,Reportes,2026-05-19,16,7,6.4,2.0,0.0,0.0,14.0
syn_Reportes_69a4_20260520184100,syn_Reportes_69a4,Reportes,2026-05-20,18,8,10.93,2.0,0.0,0.0,16.0
syn_Reportes_69a4_20260521152600,syn_Reportes_69a4,Reportes,2026-05-21,15,5,5.32,2.0,217.0,0.0,10.0
syn_Reportes_69a4_20260522135100,syn_Reportes_69a4,Reportes,2026-05-22,13,7,6.35,2.0,381.0,0.0,14.0
syn_Reportes_69a4_20260523163600,syn_Reportes_69a4,Reportes,2026-05-23,16,6,5.83,2.0,81.0,0.1667,12.0
syn_Reportes_69a4_20260524141200,syn_Reportes_69a4,Reportes,2026-05-24,14,8,8.88,2.0,0.0,0.0,16.0
syn_Reportes_69a4_20260525120800,syn_Reportes_69a4,Reportes,2026-05-25,12,7,5.72,2.0,0.0,0.0,14.0
syn_Reportes_69a4_20260526150300,syn_Reportes_69a4,Reportes,2026-05-26,15,9,9.0,2.0,263.0,0.0,18.0
syn_Reportes_69a4_20260527111300,syn_Reportes_69a4,Reportes,2026-05-27,11,9,9.83,2.0,58.0,0.0,18.0
syn_Reportes_69a4_20260528093300,syn_Reportes_69a4,Reportes,2026-05-28,9,4,3.85,2.0,231.0,0.0,8.0
syn_Reportes_f207_20260508141800,syn_Reportes_f207,Reportes,2026-05-08,14,7,5.87,2.0,90.0,0.0,14.0
syn_Reportes_f207_20260509133500,syn_Reportes_f207,Reportes,2026-05-09,13,8,8.12,2.0,176.0,0.0,16.0
syn_Reportes_f207_20260510183400,syn_Reportes_f207,Reportes,2026-05-10,18,4,3.15,2.0,136.0,0.0,8.0
syn_Reportes_f207_20260511114800,syn_Reportes_f207,Reportes,2026-05-11,11,8,6.67,2.0,0.0,0.0,16.0
syn_Reportes_f207_20260512180800,syn_Reportes_f207,Reportes,2026-05-12,18,5,4.87,2.0,42.0,0.0,10.0
syn_Reportes_f207_20260513144100,syn_Reportes_f207,Reportes,2026-05-13,14,5,5.65,2.0,229.0,0.0,10.0
syn_Reportes_f207_20260514072500,syn_Reportes_f207,Reportes,2026-05-14,7,9,10.0,2.0,0.0,0.0,18.0
syn_Reportes_f207_20260515170400,syn_Reportes_f207,Reportes,2026-05-15,17,5,5.52,2.0,236.0,0.0,10.0
syn_Reportes_f207_20260516153000,syn_Reportes_f207,Reportes,2026-05-16,15,8,8.0,2.0,42.0,0.0,16.0
syn_Reportes_f207_20260517161300,syn_Reportes_f207,Reportes,2026-05-17,16,8,7.25,2.0,180.0,0.0,16.0
syn_Reportes_f207_20260518181600,syn_Reportes_f207,Reportes,2026-05-18,18,6,7.23,2.0,434.0,0.0,12.0
syn_Reportes_f207_20260519070600,syn_Reportes_f207,Reportes,2026-05-19,7,4,2.6,2.0,156.0,0.0,8.0
syn_Reportes_f207_20260520153300,syn_Reportes_f207,Reportes,2026-05-20,15,6,6.35,2.0,0.0,0.0,12.0
syn_Reportes_f207_20260521152300,syn_Reportes_f207,Reportes,2026-05-21,15,4,4.28,2.0,182.0,0.0,8.0
syn_Reportes_f207_20260522165900,syn_Reportes_f207,Reportes,2026-05-22,16,7,6.65,2.0,94.0,0.0,14.0
syn_Reportes_f207_20260523171200,syn_Reportes_f207,Reportes,2026-05-23,17,8,8.63,2.0,106.0,0.0,16.0
syn_Reportes_f207_20260524080500,syn_Reportes_f207,Reportes,2026-05-24,8,5,3.68,2.0,120.0,0.0,10.0
syn_Reportes_f207_20260525082200,syn_Reportes_f207,Reportes,2026-05-25,8,6,5.97,2.0,230.0,0.0,12.0
syn_Reportes_f207_20260526131100,syn_Reportes_f207,Reportes,2026-05-26,13,5,3.55,2.0,52.0,0.0,10.0
syn_Reportes_f207_20260527183300,syn_Reportes_f207,Reportes,2026-05-27,18,5,5.7,2.0,342.0,0.0,10.0
syn_Reportes_f207_20260528083000,syn_Reportes_f207,Reportes,2026-05-28,8,7,4.78,2.0,69.0,0.0,14.0
syn_Ventas_4aed_20260508174700,syn_Ventas_4aed,Ventas,2026-05-08,17,6,3.97,2.0,61.0,0.0,12.0
syn_Ventas_4aed_20260509150700,syn_Ventas_4aed,Ventas,2026-05-09,15,11,11.13,2.091,103.0,0.0,23.0
syn_Ventas_4aed_20260510091600,syn_Ventas_4aed,Ventas,2026-05-10,9,7,7.1,2.0,426.0,0.0,14.0
syn_Ventas_4aed_20260511092900,syn_Ventas_4aed,Ventas,2026-05-11,9,5,4.78,2.0,0.0,0.0,10.0
syn_Ventas_4aed_20260512071500,syn_Ventas_4aed,Ventas,2026-05-12,7,6,5.55,2.0,118.0,0.0,12.0
syn_Ventas_4aed_20260513103700,syn_Ventas_4aed,Ventas,2026-05-13,10,8,9.02,2.0,90.0,0.125,16.0
syn_Ventas_4aed_20260514112900,syn_Ventas_4aed,Ventas,2026-05-14,11,8,5.77,2.0,325.0,0.125,16.0
syn_Ventas_4aed_20260515150500,syn_Ventas_4aed,Ventas,2026-05-15,15,7,6.98,2.0,419.0,0.2857,14.0
syn_Ventas_4aed_20260516125600,syn_Ventas_4aed,Ventas,2026-05-16,12,6,5.68,2.0,61.0,0.0,12.0
syn_Ventas_4aed_20260517070500,syn_Ventas_4aed,Ventas,2026-05-17,7,11,13.55,2.0,0.0,0.1818,22.0
syn_Ventas_4aed_20260518111000,syn_Ventas_4aed,Ventas,2026-05-18,11,6,4.63,2.167,38.0,0.0,13.0
syn_Ventas_4aed_20260519122700,syn_Ventas_4aed,Ventas,2026-05-19,12,6,5.73,2.167,42.0,0.1667,13.0
syn_Ventas_4aed_20260520093900,syn_Ventas_4aed,Ventas,2026-05-20,9,9,8.12,2.0,285.0,0.0,18.0
syn_Ventas_4aed_20260521174400,syn_Ventas_4aed,Ventas,2026-05-21,17,5,4.25,2.0,107.0,0.0,10.0
syn_Ventas_4aed_20260522094700,syn_Ventas_4aed,Ventas,2026-05-22,9,12,12.82,2.0,103.0,0.0,24.0
syn_Ventas_4aed_20260523150100,syn_Ventas_4aed,Ventas,2026-05-23,15,11,10.02,2.091,44.0,0.0909,23.0
syn_Ventas_4aed_20260524132500,syn_Ventas_4aed,Ventas,2026-05-24,13,8,6.48,2.0,118.0,0.125,16.0
syn_Ventas_4aed_20260525125400,syn_Ventas_4aed,Ventas,2026-05-25,12,8,5.92,2.0,355.0,0.25,16.0
syn_Ventas_4aed_20260526122700,syn_Ventas_4aed,Ventas,2026-05-26,12,10,8.3,2.1,0.0,0.1,21.0
syn_Ventas_4aed_20260527174300,syn_Ventas_4aed,Ventas,2026-05-27,17,5,5.85,2.2,304.0,0.0,11.0
syn_Ventas_4aed_20260528170500,syn_Ventas_4aed,Ventas,2026-05-28,17,7,5.4,2.143,324.0,0.0,15.0
syn_Ventas_6a40_20260508070900,syn_Ventas_6a40,Ventas,2026-05-08,7,12,11.25,2.0,0.0,0.5,24.0
syn_Ventas_6a40_20260509123200,syn_Ventas_6a40,Ventas,2026-05-09,12,8,6.97,2.0,0.0,0.0,16.0
syn_Ventas_6a40_20260510092000,syn_Ventas_6a40,Ventas,2026-05-10,9,8,9.23,2.0,109.0,0.125,16.0
syn_Ventas_6a40_20260511071000,syn_Ventas_6a40,Ventas,2026-05-11,7,12,10.67,2.0,302.0,0.0,24.0
syn_Ventas_6a40_20260512120200,syn_Ventas_6a40,Ventas,2026-05-12,12,11,12.03,2.0,0.0,0.0,22.0
syn_Ventas_6a40_20260513161900,syn_Ventas_6a40,Ventas,2026-05-13,16,5,4.8,2.0,270.0,0.0,10.0
syn_Ventas_6a40_20260514102600,syn_Ventas_6a40,Ventas,2026-05-14,10,12,12.28,2.0,0.0,0.0833,24.0
syn_Ventas_6a40_20260515083900,syn_Ventas_6a40,Ventas,2026-05-15,8,8,11.25,2.0,38.0,0.0,16.0
syn_Ventas_6a40_20260516185500,syn_Ventas_6a40,Ventas,2026-05-16,18,9,10.65,2.111,0.0,0.0,19.0
syn_Ventas_6a40_20260517121900,syn_Ventas_6a40,Ventas,2026-05-17,12,5,4.12,2.0,39.0,0.0,10.0
syn_Ventas_6a40_20260518134400,syn_Ventas_6a40,Ventas,2026-05-18,13,12,11.13,2.083,95.0,0.0,25.0
syn_Ventas_6a40_20260519172600,syn_Ventas_6a40,Ventas,2026-05-19,17,10,8.18,2.0,54.0,0.3,20.0
syn_Ventas_6a40_20260520070800,syn_Ventas_6a40,Ventas,2026-05-20,7,9,7.25,2.0,127.0,0.1111,18.0
syn_Ventas_6a40_20260521133500,syn_Ventas_6a40,Ventas,2026-05-21,13,7,6.28,2.0,140.0,0.2857,14.0
syn_Ventas_6a40_20260522135800,syn_Ventas_6a40,Ventas,2026-05-22,13,8,7.57,2.0,108.0,0.0,16.0
syn_Ventas_6a40_20260523184100,syn_Ventas_6a40,Ventas,2026-05-23,18,12,12.15,2.083,33.0,0.0833,25.0
syn_Ventas_6a40_20260524181400,syn_Ventas_6a40,Ventas,2026-05-24,18,9,9.98,2.0,0.0,0.0,18.0
syn_Ventas_6a40_20260525165300,syn_Ventas_6a40,Ventas,2026-05-25,16,11,8.83,2.0,98.0,0.0,22.0
syn_Ventas_6a40_20260526130600,syn_Ventas_6a40,Ventas,2026-05-26,13,5,5.35,2.0,0.0,0.2,10.0
syn_Ventas_6a40_20260527113000,syn_Ventas_6a40,Ventas,2026-05-27,11,6,5.02,2.0,301.0,0.0,12.0
syn_Ventas_6a40_20260528121800,syn_Ventas_6a40,Ventas,2026-05-28,12,12,14.97,2.0,54.0,0.0,24.0
syn_Ventas_a940_20260508130600,syn_Ventas_a940,Ventas,2026-05-08,13,5,4.48,2.0,93.0,0.0,10.0
syn_Ventas_a940_20260509122900,syn_Ventas_a940,Ventas,2026-05-09,12,8,8.03,2.0,25.0,0.0,16.0
syn_Ventas_a940_20260510083600,syn_Ventas_a940,Ventas,2026-05-10,8,6,5.9,2.0,162.0,0.0,12.0
syn_Ventas_a940_20260511180900,syn_Ventas_a940,Ventas,2026-05-11,18,11,12.92,2.0,55.0,0.0909,22.0
syn_Ventas_a940_20260512074800,syn_Ventas_a940,Ventas,2026-05-12,7,12,14.37,2.083,25.0,0.0,25.0
syn_Ventas_a940_20260513140900,syn_Ventas_a940,Ventas,2026-05-13,14,9,12.28,2.0,175.0,0.0,18.0
syn_Ventas_a940_20260514085900,syn_Ventas_a940,Ventas,2026-05-14,8,7,5.17,2.0,36.0,0.1429,14.0
syn_Ventas_a940_20260515125200,syn_Ventas_a940,Ventas,2026-05-15,12,6,3.47,2.0,49.0,0.0,12.0
syn_Ventas_a940_20260516100500,syn_Ventas_a940,Ventas,2026-05-16,10,6,4.98,2.0,299.0,0.0,12.0
syn_Ventas_a940_20260517103100,syn_Ventas_a940,Ventas,2026-05-17,10,11,12.63,2.0,190.0,0.1818,22.0
syn_Ventas_a940_20260518163800,syn_Ventas_a940,Ventas,2026-05-18,16,5,4.97,2.0,0.0,0.2,10.0
syn_Ventas_a940_20260519183600,syn_Ventas_a940,Ventas,2026-05-19,18,6,2.95,2.0,21.0,0.0,12.0
syn_Ventas_a940_20260520182000,syn_Ventas_a940,Ventas,2026-05-20,18,9,11.52,2.111,673.0,0.0,19.0
syn_Ventas_a940_20260521172400,syn_Ventas_a940,Ventas,2026-05-21,17,9,9.58,2.222,59.0,0.0,20.0
syn_Ventas_a940_20260522124900,syn_Ventas_a940,Ventas,2026-05-22,12,8,9.07,2.25,273.0,0.125,18.0
syn_Ventas_a940_20260523080100,syn_Ventas_a940,Ventas,2026-05-23,8,6,4.47,2.167,139.0,0.0,13.0
syn_Ventas_a940_20260524081700,syn_Ventas_a940,Ventas,2026-05-24,8,11,11.97,2.091,530.0,0.1818,23.0
syn_Ventas_a940_20260525160900,syn_Ventas_a940,Ventas,2026-05-25,16,8,6.85,2.125,411.0,0.125,17.0
syn_Ventas_a940_20260526094500,syn_Ventas_a940,Ventas,2026-05-26,9,10,11.77,2.0,54.0,0.0,20.0
syn_Ventas_a940_20260527095600,syn_Ventas_a940,Ventas,2026-05-27,9,11,12.95,2.0,156.0,0.0,22.0
syn_Ventas_a940_20260528120000,syn_Ventas_a940,Ventas,2026-05-28,12,11,10.62,2.0,374.0,0.0,22.0
syn_Ventas_e0e2_20260508083800,syn_Ventas_e0e2,Ventas,2026-05-08,8,5,5.75,2.0,161.0,0.0,10.0
syn_Ventas_e0e2_20260509085400,syn_Ventas_e0e2,Ventas,2026-05-09,8,7,5.02,2.143,0.0,0.0,15.0
syn_Ventas_e0e2_20260510104500,syn_Ventas_e0e2,Ventas,2026-05-10,10,7,7.88,2.0,0.0,0.1429,14.0
syn_Ventas_e0e2_20260511071800,syn_Ventas_e0e2,Ventas,2026-05-11,7,9,9.78,2.0,587.0,0.2222,18.0
syn_Ventas_e0e2_20260512090400,syn_Ventas_e0e2,Ventas,2026-05-12,9,12,12.53,2.083,0.0,0.0,25.0
syn_Ventas_e0e2_20260513142200,syn_Ventas_e0e2,Ventas,2026-05-13,14,9,10.28,2.0,104.0,0.0,18.0
syn_Ventas_e0e2_20260514124700,syn_Ventas_e0e2,Ventas,2026-05-14,12,11,12.87,2.091,209.0,0.0,23.0
syn_Ventas_e0e2_20260515140700,syn_Ventas_e0e2,Ventas,2026-05-15,14,6,6.25,2.0,56.0,0.0,12.0
syn_Ventas_e0e2_20260516172200,syn_Ventas_e0e2,Ventas,2026-05-16,17,5,5.67,2.0,115.0,0.0,10.0
syn_Ventas_e0e2_20260517071700,syn_Ventas_e0e2,Ventas,2026-05-17,7,7,6.1,2.0,234.0,0.1429,14.0
syn_Ventas_e0e2_20260518083100,syn_Ventas_e0e2,Ventas,2026-05-18,8,12,10.42,2.167,151.0,0.0,26.0
syn_Ventas_e0e2_20260519163200,syn_Ventas_e0e2,Ventas,2026-05-19,16,8,10.38,2.0,623.0,0.0,16.0
syn_Ventas_e0e2_20260520132900,syn_Ventas_e0e2,Ventas,2026-05-20,13,10,7.87,2.0,291.0,0.0,20.0
syn_Ventas_e0e2_20260521135500,syn_Ventas_e0e2,Ventas,2026-05-21,13,5,5.55,2.0,105.0,0.0,10.0
syn_Ventas_e0e2_20260522121400,syn_Ventas_e0e2,Ventas,2026-05-22,12,10,7.55,2.0,27.0,0.1,20.0
syn_Ventas_e0e2_20260523083900,syn_Ventas_e0e2,Ventas,2026-05-23,8,11,10.97,2.091,62.0,0.0,23.0
syn_Ventas_e0e2_20260524081900,syn_Ventas_e0e2,Ventas,2026-05-24,8,11,9.98,2.0,0.0,0.0,22.0
syn_Ventas_e0e2_20260525145700,syn_Ventas_e0e2,Ventas,2026-05-25,14,8,8.73,2.0,0.0,0.25,16.0
syn_Ventas_e0e2_20260526121500,syn_Ventas_e0e2,Ventas,2026-05-26,12,11,8.57,2.091,132.0,0.0909,23.0
syn_Ventas_e0e2_20260527153500,syn_Ventas_e0e2,Ventas,2026-05-27,15,5,3.55,2.2,82.0,0.0,11.0
syn_Ventas_e0e2_20260528090400,syn_Ventas_e0e2,Ventas,2026-05-28,9,12,11.6,2.0,517.0,0.0,24.0
